"Time","request","limit","usage"
1724514000000,1048576000,1572864000,undefined
1724514030000,1048576000,1572864000,undefined
1724514060000,1048576000,1572864000,undefined
1724514090000,1048576000,1572864000,undefined
1724514120000,1048576000,1572864000,undefined
1724514150000,1048576000,1572864000,undefined
1724514180000,1048576000,1572864000,undefined
1724514210000,1048576000,1572864000,undefined
1724514240000,1048576000,1572864000,undefined
1724514270000,1048576000,1572864000,undefined
1724514300000,1048576000,1572864000,undefined
1724514330000,1048576000,1572864000,undefined
1724514360000,1048576000,1572864000,undefined
1724514390000,1048576000,1572864000,undefined
1724514420000,1048576000,1572864000,undefined
1724514450000,1048576000,1572864000,undefined
1724514480000,1048576000,1572864000,undefined
1724514510000,1048576000,1572864000,undefined
1724514540000,1048576000,1572864000,undefined
1724514570000,1048576000,1572864000,undefined
1724514600000,1048576000,1572864000,undefined
1724514630000,1048576000,1572864000,undefined
1724514660000,1048576000,1572864000,undefined
1724514690000,1048576000,1572864000,undefined
1724514720000,1048576000,1572864000,undefined
1724514750000,1048576000,1572864000,undefined
1724514780000,1048576000,1572864000,undefined
1724514810000,1048576000,1572864000,undefined
1724514840000,1048576000,1572864000,undefined
1724514870000,1048576000,1572864000,undefined
1724514900000,1048576000,1572864000,undefined
1724514930000,1048576000,1572864000,undefined
1724514960000,1048576000,1572864000,undefined
1724514990000,1048576000,1572864000,undefined
1724515020000,1048576000,1572864000,undefined
1724515050000,1048576000,1572864000,undefined
1724515080000,1048576000,1572864000,undefined
1724515110000,1048576000,1572864000,undefined
1724515140000,1048576000,1572864000,undefined
1724515170000,1048576000,1572864000,undefined
1724515200000,1048576000,1572864000,undefined
1724515230000,1048576000,1572864000,undefined
1724515260000,1048576000,1572864000,undefined
1724515290000,1048576000,1572864000,undefined
1724515320000,1048576000,1572864000,undefined
1724515350000,1048576000,1572864000,undefined
1724515380000,1048576000,1572864000,undefined
1724515410000,1048576000,1572864000,undefined
1724515440000,1048576000,1572864000,undefined
1724515470000,1048576000,1572864000,undefined
1724515500000,1048576000,1572864000,undefined
1724515530000,1048576000,1572864000,undefined
1724515560000,1048576000,1572864000,undefined
1724515590000,1048576000,1572864000,undefined
1724515620000,1048576000,1572864000,undefined
1724515650000,1048576000,1572864000,undefined
1724515680000,1048576000,1572864000,undefined
1724515710000,1048576000,1572864000,undefined
1724515740000,1048576000,1572864000,undefined
1724515770000,1048576000,1572864000,undefined
1724515800000,1048576000,1572864000,undefined
1724515830000,1048576000,1572864000,undefined
1724515860000,1048576000,1572864000,undefined
1724515890000,1048576000,1572864000,undefined
1724515920000,1048576000,1572864000,undefined
1724515950000,1048576000,1572864000,undefined
1724515980000,1048576000,1572864000,undefined
1724516010000,1048576000,1572864000,undefined
1724516040000,1048576000,1572864000,undefined
1724516070000,1048576000,1572864000,undefined
1724516100000,1048576000,1572864000,undefined
1724516130000,1048576000,1572864000,undefined
1724516160000,1048576000,1572864000,undefined
1724516190000,1048576000,1572864000,undefined
1724516220000,1048576000,1572864000,undefined
1724516250000,1048576000,1572864000,undefined
1724516280000,1048576000,1572864000,undefined
1724516310000,1048576000,1572864000,undefined
1724516340000,1048576000,1572864000,undefined
1724516370000,1048576000,1572864000,undefined
1724516400000,1048576000,1572864000,undefined
1724516430000,1048576000,1572864000,undefined
1724516460000,1048576000,1572864000,undefined
1724516490000,1048576000,1572864000,undefined
1724516520000,1048576000,1572864000,undefined
1724516550000,1048576000,1572864000,undefined
1724516580000,1048576000,1572864000,undefined
1724516610000,1048576000,1572864000,undefined
1724516640000,1048576000,1572864000,undefined
1724516670000,1048576000,1572864000,undefined
1724516700000,1048576000,1572864000,undefined
1724516730000,1048576000,1572864000,undefined
1724516760000,1048576000,1572864000,undefined
1724516790000,1048576000,1572864000,undefined
1724516820000,1048576000,1572864000,undefined
1724516850000,1048576000,1572864000,undefined
1724516880000,1048576000,1572864000,undefined
1724516910000,1048576000,1572864000,undefined
1724516940000,1048576000,1572864000,undefined
1724516970000,1048576000,1572864000,undefined
1724517000000,1048576000,1572864000,undefined
1724517030000,1048576000,1572864000,undefined
1724517060000,1048576000,1572864000,undefined
1724517090000,1048576000,1572864000,undefined
1724517120000,1048576000,1572864000,undefined
1724517150000,1048576000,1572864000,undefined
1724517180000,1048576000,1572864000,undefined
1724517210000,1048576000,1572864000,undefined
1724517240000,1048576000,1572864000,undefined
1724517270000,1048576000,1572864000,undefined
1724517300000,1048576000,1572864000,undefined
1724517330000,1048576000,1572864000,undefined
1724517360000,1048576000,1572864000,undefined
1724517390000,1048576000,1572864000,undefined
1724517420000,1048576000,1572864000,undefined
1724517450000,1048576000,1572864000,undefined
1724517480000,1048576000,1572864000,undefined
1724517510000,1048576000,1572864000,undefined
1724517540000,1048576000,1572864000,undefined
1724517570000,1048576000,1572864000,undefined
1724517600000,1048576000,1572864000,undefined
1724517630000,1048576000,1572864000,undefined
1724517660000,1048576000,1572864000,undefined
1724517690000,1048576000,1572864000,undefined
1724517720000,1048576000,1572864000,undefined
1724517750000,1048576000,1572864000,undefined
1724517780000,1048576000,1572864000,undefined
1724517810000,1048576000,1572864000,undefined
1724517840000,1048576000,1572864000,undefined
1724517870000,1048576000,1572864000,undefined
1724517900000,1048576000,1572864000,undefined
1724517930000,1048576000,1572864000,undefined
1724517960000,1048576000,1572864000,undefined
1724517990000,1048576000,1572864000,undefined
1724518020000,1048576000,1572864000,undefined
1724518050000,1048576000,1572864000,undefined
1724518080000,1048576000,1572864000,undefined
1724518110000,1048576000,1572864000,undefined
1724518140000,1048576000,1572864000,undefined
1724518170000,1048576000,1572864000,undefined
1724518200000,1048576000,1572864000,undefined
1724518230000,1048576000,1572864000,undefined
1724518260000,1048576000,1572864000,undefined
1724518290000,1048576000,1572864000,undefined
1724518320000,1048576000,1572864000,undefined
1724518350000,1048576000,1572864000,undefined
1724518380000,1048576000,1572864000,undefined
1724518410000,1048576000,1572864000,undefined
1724518440000,1048576000,1572864000,undefined
1724518470000,1048576000,1572864000,undefined
1724518500000,1048576000,1572864000,undefined
1724518530000,1048576000,1572864000,undefined
1724518560000,1048576000,1572864000,undefined
1724518590000,1048576000,1572864000,undefined
1724518620000,1048576000,1572864000,undefined
1724518650000,1048576000,1572864000,undefined
1724518680000,1048576000,1572864000,undefined
1724518710000,1048576000,1572864000,undefined
1724518740000,1048576000,1572864000,undefined
1724518770000,1048576000,1572864000,undefined
1724518800000,1048576000,1572864000,undefined
1724518830000,1048576000,1572864000,undefined
1724518860000,1048576000,1572864000,undefined
1724518890000,1048576000,1572864000,undefined
1724518920000,1048576000,1572864000,undefined
1724518950000,1048576000,1572864000,undefined
1724518980000,1048576000,1572864000,undefined
1724519010000,1048576000,1572864000,undefined
1724519040000,1048576000,1572864000,undefined
1724519070000,1048576000,1572864000,undefined
1724519100000,1048576000,1572864000,undefined
1724519130000,1048576000,1572864000,undefined
1724519160000,1048576000,1572864000,undefined
1724519190000,1048576000,1572864000,undefined
1724519220000,1048576000,1572864000,undefined
1724519250000,1048576000,1572864000,undefined
1724519280000,1048576000,1572864000,undefined
1724519310000,1048576000,1572864000,undefined
1724519340000,1048576000,1572864000,undefined
1724519370000,1048576000,1572864000,undefined
1724519400000,1048576000,1572864000,undefined
1724519430000,1048576000,1572864000,undefined
1724519460000,1048576000,1572864000,undefined
1724519490000,1048576000,1572864000,undefined
1724519520000,1048576000,1572864000,undefined
1724519550000,1048576000,1572864000,undefined
1724519580000,1048576000,1572864000,undefined
1724519610000,1048576000,1572864000,undefined
1724519640000,1048576000,1572864000,undefined
1724519670000,1048576000,1572864000,undefined
1724519700000,1048576000,1572864000,undefined
1724519730000,1048576000,1572864000,undefined
1724519760000,1048576000,1572864000,undefined
1724519790000,1048576000,1572864000,undefined
1724519820000,1048576000,1572864000,undefined
1724519850000,1048576000,1572864000,158404608
1724519880000,1048576000,1572864000,425082880
1724519910000,1048576000,1572864000,566091776
1724519940000,1048576000,1572864000,767324160
1724519970000,1048576000,1572864000,920317952
1724520000000,1048576000,1572864000,1063772160
1724520030000,1048576000,1572864000,1235263488
1724520060000,1048576000,1572864000,1447469056
1724520090000,1048576000,1572864000,1572806656
1724520120000,1048576000,1572864000,1568223232
1724520150000,1048576000,1572864000,1568223232
1724520180000,1048576000,1572864000,1568223232
1724520210000,1048576000,1572864000,1564315648
1724520240000,1048576000,1572864000,1564315648
1724520270000,1048576000,1572864000,1556938752
1724520300000,1048576000,1572864000,1556938752
1724520330000,1048576000,1572864000,1552973824
1724520360000,1048576000,1572864000,1552973824
1724520390000,1048576000,1572864000,1552973824
1724520420000,1048576000,1572864000,1552973824
1724520450000,1048576000,1572864000,1552973824
1724520480000,1048576000,1572864000,1552973824
1724520510000,1048576000,1572864000,1552973824
1724520540000,1048576000,1572864000,1552973824
1724520570000,1048576000,1572864000,1552973824
1724520600000,1048576000,1572864000,1552973824
1724520630000,1048576000,1572864000,1552973824
1724520660000,1048576000,1572864000,1552973824
1724520690000,1048576000,1572864000,1552973824
1724520720000,1048576000,1572864000,1552973824
1724520750000,1048576000,1572864000,1552973824
1724520780000,1048576000,1572864000,1552490496
1724520810000,1048576000,1572864000,1551720448
1724520840000,1048576000,1572864000,1551720448
1724520870000,1048576000,1572864000,1551720448
1724520900000,1048576000,1572864000,1551720448
1724520930000,1048576000,1572864000,1551720448
1724520960000,1048576000,1572864000,1551720448
1724520990000,1048576000,1572864000,1551720448
1724521020000,1048576000,1572864000,1551720448
1724521050000,1048576000,1572864000,1551720448
1724521080000,1048576000,1572864000,1551720448
1724521110000,1048576000,1572864000,1551720448
1724521140000,1048576000,1572864000,1551720448
1724521170000,1048576000,1572864000,1551720448
1724521200000,1048576000,1572864000,1551720448
1724521230000,1048576000,1572864000,1551720448
1724521260000,1048576000,1572864000,1551720448
1724521290000,1048576000,1572864000,1551720448
1724521320000,1048576000,1572864000,1551720448
1724521350000,1048576000,1572864000,1551720448
1724521380000,1048576000,1572864000,1551720448
1724521410000,1048576000,1572864000,1551720448
1724521440000,1048576000,1572864000,1551720448
1724521470000,1048576000,1572864000,1551720448
1724521500000,1048576000,1572864000,1551720448
1724521530000,1048576000,1572864000,1551720448
1724521560000,1048576000,1572864000,1551720448
1724521590000,1048576000,1572864000,1551720448
1724521620000,1048576000,1572864000,1551720448
1724521650000,1048576000,1572864000,1551720448
1724521680000,1048576000,1572864000,1551720448
1724521710000,1048576000,1572864000,1551720448
1724521740000,1048576000,1572864000,1551720448
1724521770000,1048576000,1572864000,1551720448
1724521800000,1048576000,1572864000,1551720448
1724521830000,1048576000,1572864000,1551720448
1724521860000,1048576000,1572864000,1551720448
1724521890000,1048576000,1572864000,1551720448
1724521920000,1048576000,1572864000,1551720448
1724521950000,1048576000,1572864000,1551720448
1724521980000,1048576000,1572864000,1551720448
1724522010000,1048576000,1572864000,1551720448
1724522040000,1048576000,1572864000,1551720448
1724522070000,1048576000,1572864000,1551720448
1724522100000,1048576000,1572864000,1551720448
1724522130000,1048576000,1572864000,1551720448
1724522160000,1048576000,1572864000,1551720448
1724522190000,1048576000,1572864000,1551720448
1724522220000,1048576000,1572864000,1551720448
1724522250000,1048576000,1572864000,1551720448
1724522280000,1048576000,1572864000,1551720448
1724522310000,1048576000,1572864000,1551720448
1724522340000,1048576000,1572864000,1551720448
1724522370000,1048576000,1572864000,1551720448
1724522400000,1048576000,1572864000,1551720448
1724522430000,1048576000,1572864000,1551720448
1724522460000,1048576000,1572864000,1551720448
1724522490000,1048576000,1572864000,1551720448
1724522520000,1048576000,1572864000,1551720448
1724522550000,1048576000,1572864000,1551720448
1724522580000,1048576000,1572864000,1551720448
1724522610000,1048576000,1572864000,1551720448
1724522640000,1048576000,1572864000,1551720448
1724522670000,1048576000,1572864000,1551720448
1724522700000,1048576000,1572864000,1551720448
1724522730000,1048576000,1572864000,1551720448
1724522760000,1048576000,1572864000,1551720448
1724522790000,1048576000,1572864000,1551720448
1724522820000,1048576000,1572864000,1551720448
1724522850000,1048576000,1572864000,1551720448
1724522880000,1048576000,1572864000,1551720448
1724522910000,1048576000,1572864000,1551720448
1724522940000,1048576000,1572864000,1551720448
1724522970000,1048576000,1572864000,1550819328
1724523000000,1048576000,1572864000,1550819328
1724523030000,1048576000,1572864000,1550819328
1724523060000,1048576000,1572864000,1550819328
1724523090000,1048576000,1572864000,1550819328
1724523120000,1048576000,1572864000,1550819328
1724523150000,1048576000,1572864000,1547530240
1724523180000,1048576000,1572864000,1547530240
1724523210000,1048576000,1572864000,1547530240
1724523240000,1048576000,1572864000,1547530240
1724523270000,1048576000,1572864000,1547530240
1724523300000,1048576000,1572864000,1547530240
1724523330000,1048576000,1572864000,1547530240
1724523360000,1048576000,1572864000,1547530240
1724523390000,1048576000,1572864000,1547530240
1724523420000,1048576000,1572864000,1547530240
1724523450000,1048576000,1572864000,1547530240
1724523480000,1048576000,1572864000,1547530240
1724523510000,1048576000,1572864000,1547530240
1724523540000,1048576000,1572864000,1547530240
1724523570000,1048576000,1572864000,1547530240
1724523600000,1048576000,1572864000,1547132928
1724523630000,1048576000,1572864000,1545961472
1724523660000,1048576000,1572864000,1545961472
1724523690000,1048576000,1572864000,1545961472
1724523720000,1048576000,1572864000,1545961472
1724523750000,1048576000,1572864000,1545961472
1724523780000,1048576000,1572864000,1545961472
1724523810000,1048576000,1572864000,1545961472
1724523840000,1048576000,1572864000,1545961472
1724523870000,1048576000,1572864000,1545961472
1724523900000,1048576000,1572864000,1545961472
1724523930000,1048576000,1572864000,1545961472
1724523960000,1048576000,1572864000,1545961472
1724523990000,1048576000,1572864000,1545961472
1724524020000,1048576000,1572864000,1545961472
1724524050000,1048576000,1572864000,1545961472
1724524080000,1048576000,1572864000,1545961472
1724524110000,1048576000,1572864000,1545961472
1724524140000,1048576000,1572864000,1545961472
1724524170000,1048576000,1572864000,1545961472
1724524200000,1048576000,1572864000,1545961472
1724524230000,1048576000,1572864000,1545961472
1724524260000,1048576000,1572864000,1545961472
1724524290000,1048576000,1572864000,1545961472
1724524320000,1048576000,1572864000,1545789440
1724524350000,1048576000,1572864000,1545789440
1724524380000,1048576000,1572864000,1545789440
1724524410000,1048576000,1572864000,1544753152
1724524440000,1048576000,1572864000,1544581120
1724524470000,1048576000,1572864000,1544581120
1724524500000,1048576000,1572864000,1544581120
1724524530000,1048576000,1572864000,1544581120
1724524560000,1048576000,1572864000,1544581120
1724524590000,1048576000,1572864000,1544581120
1724524620000,1048576000,1572864000,1544581120
1724524650000,1048576000,1572864000,1544581120
1724524680000,1048576000,1572864000,1544581120
1724524710000,1048576000,1572864000,1544581120
1724524740000,1048576000,1572864000,1544581120
1724524770000,1048576000,1572864000,1544581120
1724524800000,1048576000,1572864000,1533444096
1724524830000,1048576000,1572864000,1533444096
1724524860000,1048576000,1572864000,1533444096
1724524890000,1048576000,1572864000,1533444096
1724524920000,1048576000,1572864000,1533444096
1724524950000,1048576000,1572864000,1533444096
1724524980000,1048576000,1572864000,1533444096
1724525010000,1048576000,1572864000,1533444096
1724525040000,1048576000,1572864000,1533444096
1724525070000,1048576000,1572864000,1533444096
1724525100000,1048576000,1572864000,1533444096
1724525130000,1048576000,1572864000,1533444096
1724525160000,1048576000,1572864000,1533444096
1724525190000,1048576000,1572864000,1533444096
1724525220000,1048576000,1572864000,1533444096
1724525250000,1048576000,1572864000,1533444096
1724525280000,1048576000,1572864000,1533444096
1724525310000,1048576000,1572864000,1533444096
1724525340000,1048576000,1572864000,1533444096
1724525370000,1048576000,1572864000,1533444096
1724525400000,1048576000,1572864000,1533444096
1724525430000,1048576000,1572864000,1533444096
1724525460000,1048576000,1572864000,1533444096
1724525490000,1048576000,1572864000,1533444096
1724525520000,1048576000,1572864000,1533444096
1724525550000,1048576000,1572864000,1533444096
1724525580000,1048576000,1572864000,1533444096
1724525610000,1048576000,1572864000,1533444096
1724525640000,1048576000,1572864000,1533444096
1724525670000,1048576000,1572864000,1533444096
1724525700000,1048576000,1572864000,1525575680
1724525730000,1048576000,1572864000,1525575680
1724525760000,1048576000,1572864000,1525575680
1724525790000,1048576000,1572864000,1525575680
1724525820000,1048576000,1572864000,1525575680
1724525850000,1048576000,1572864000,1525575680
1724525880000,1048576000,1572864000,1525575680
1724525910000,1048576000,1572864000,1525575680
1724525940000,1048576000,1572864000,1525575680
1724525970000,1048576000,1572864000,1525575680
1724526000000,1048576000,1572864000,1525575680
1724526030000,1048576000,1572864000,1524834304
1724526060000,1048576000,1572864000,1524834304
1724526090000,1048576000,1572864000,1522704384
1724526120000,1048576000,1572864000,1522380800
1724526150000,1048576000,1572864000,1522380800
1724526180000,1048576000,1572864000,1522380800
1724526210000,1048576000,1572864000,1522380800
1724526240000,1048576000,1572864000,1522380800
1724526270000,1048576000,1572864000,1522380800
1724526300000,1048576000,1572864000,1522380800
1724526330000,1048576000,1572864000,1522380800
1724526360000,1048576000,1572864000,1522380800
1724526390000,1048576000,1572864000,1518366720
1724526420000,1048576000,1572864000,1518366720
1724526450000,1048576000,1572864000,1518366720
1724526480000,1048576000,1572864000,1518366720
1724526510000,1048576000,1572864000,1518366720
1724526540000,1048576000,1572864000,1518366720
1724526570000,1048576000,1572864000,1518366720
1724526600000,1048576000,1572864000,1518366720
1724526630000,1048576000,1572864000,1518366720
1724526660000,1048576000,1572864000,501633024
1724526690000,undefined,undefined,501633024
1724526720000,undefined,undefined,501633024
1724526750000,undefined,undefined,501633024
1724526780000,undefined,undefined,501633024
1724526810000,undefined,undefined,501633024
1724526840000,undefined,undefined,501633024
1724526870000,undefined,undefined,501633024
1724526900000,undefined,undefined,501633024
1724526930000,undefined,undefined,501633024