time,pod,namespace,cpu_request,cpu_limit,cpu_usage,memory_request,memory_limit,memory_usage,receive_packets,transmit_packets,total_packets,receive_packets_dropped,transmit_packets_dropped,total_packets_dropped
1724526660000,nwdaf-mtlf,free5gc,0.7,1.0,0.00017196416587764344,262144000.0,314572800.0,120451072,0.3372226343832198,0.0,0.3372226343832198,0.0,0.0,0.0
1724526690000,nwdaf-mtlf,free5gc,0.7,1.0,0.00016736596217949544,262144000.0,314572800.0,120311808,0.2168516840356441,0.0,0.2168516840356441,0.0,0.0,0.0
1724519880000,nwdaf-mtlf,free5gc,0.7,1.0,0.7468301400329909,262144000.0,314572800.0,314290176,19.58636403470336,15.533257383226712,35.11962141793007,0.0,0.0,0.0
1724519910000,nwdaf-mtlf,free5gc,0.7,1.0,0.998666094999788,262144000.0,314572800.0,314167296,0.0,0.0,0.0,0.0,0.0,0.0
1724519940000,nwdaf-mtlf,free5gc,0.7,1.0,0.8266325637641174,262144000.0,314572800.0,314503168,0.0,0.0,0.0,0.0,0.0,0.0
1724519970000,nwdaf-mtlf,free5gc,0.7,1.0,1.0000900120804637,262144000.0,314572800.0,314417152,0.0960393377127271,0.0,0.0960393377127271,0.0,0.0,0.0
1724520000000,nwdaf-mtlf,free5gc,0.7,1.0,1.0004272283711133,262144000.0,314572800.0,314552320,0.0804181745074386,0.0,0.0804181745074386,0.0,0.0,0.0
1724520030000,nwdaf-mtlf,free5gc,0.7,1.0,0.9990907385023009,262144000.0,314572800.0,314515456,0.0,0.0,0.0,0.0,0.0,0.0
1724520060000,nwdaf-mtlf,free5gc,0.7,1.0,0.7971223943067798,262144000.0,314572800.0,314466304,0.0,0.0,0.0,0.0,0.0,0.0
1724520090000,nwdaf-mtlf,free5gc,0.7,1.0,0.8412851619672403,262144000.0,314572800.0,314437632,0.0707513796519032,0.0,0.0707513796519032,0.0,0.0,0.0
1724520120000,nwdaf-mtlf,free5gc,0.7,1.0,0.9587073327611221,262144000.0,314572800.0,314572800,0.0847691101362663,0.0,0.0847691101362663,0.0,0.0,0.0
1724520150000,nwdaf-mtlf,free5gc,0.7,1.0,0.7034536642396718,262144000.0,314572800.0,152240128,0.400676698424005,0.3784168818448936,0.7790935802688986,0.0,0.0,0.0
1724520180000,nwdaf-mtlf,free5gc,0.7,1.0,0.037041226696392,262144000.0,314572800.0,150597632,0.0,0.0,0.0,0.0,0.0,0.0
1724520210000,nwdaf-mtlf,free5gc,0.7,1.0,0.00016615878865565268,262144000.0,314572800.0,150044672,0.0,0.0,0.0,0.0,0.0,0.0
1724520240000,nwdaf-mtlf,free5gc,0.7,1.0,0.00017014437794342209,262144000.0,314572800.0,150044672,0.1119789479577839,0.0,0.1119789479577839,0.0,0.0,0.0
1724520270000,nwdaf-mtlf,free5gc,0.7,1.0,0.0001646360748715933,262144000.0,314572800.0,146001920,0.0,0.0,0.0,0.0,0.0,0.0
1724520300000,nwdaf-mtlf,free5gc,0.7,1.0,0.00016250088303784312,262144000.0,314572800.0,146001920,0.0,0.0,0.0,0.0,0.0,0.0
1724520330000,nwdaf-mtlf,free5gc,0.7,1.0,0.00014770501355099985,262144000.0,314572800.0,143831040,0.0922956228800849,0.0,0.0922956228800849,0.0,0.0,0.0
1724520360000,nwdaf-mtlf,free5gc,0.7,1.0,0.0001671671285970768,262144000.0,314572800.0,143831040,0.0,0.0,0.0,0.0,0.0,0.0
1724520390000,nwdaf-mtlf,free5gc,0.7,1.0,0.00016220189412758266,262144000.0,314572800.0,143831040,0.0,0.0,0.0,0.0,0.0,0.0
1724520420000,nwdaf-mtlf,free5gc,0.7,1.0,0.00016767254197084435,262144000.0,314572800.0,143831040,0.0,0.0,0.0,0.0,0.0,0.0
1724520450000,nwdaf-mtlf,free5gc,0.7,1.0,0.00016992820353466651,262144000.0,314572800.0,143831040,0.1297984878476165,0.0,0.1297984878476165,0.0,0.0,0.0
1724520480000,nwdaf-mtlf,free5gc,0.7,1.0,0.00016724190117711524,262144000.0,314572800.0,143831040,0.0,0.0,0.0,0.0,0.0,0.0
1724520510000,nwdaf-mtlf,free5gc,0.7,1.0,0.00016725630243503598,262144000.0,314572800.0,143831040,0.0,0.0,0.0,0.0,0.0,0.0
1724520540000,nwdaf-mtlf,free5gc,0.7,1.0,0.00017549447361415698,262144000.0,314572800.0,143831040,0.0,0.0,0.0,0.0,0.0,0.0
1724520570000,nwdaf-mtlf,free5gc,0.7,1.0,0.00017540194472854813,262144000.0,314572800.0,143831040,0.0836015549889228,0.0,0.0836015549889228,0.0,0.0,0.0
1724520600000,nwdaf-mtlf,free5gc,0.7,1.0,0.00017296819183899094,262144000.0,314572800.0,143831040,0.0,0.0,0.0,0.0,0.0,0.0
1724520630000,nwdaf-mtlf,free5gc,0.7,1.0,0.00016656918320603786,262144000.0,314572800.0,143831040,0.0,0.0,0.0,0.0,0.0,0.0
1724520660000,nwdaf-mtlf,free5gc,0.7,1.0,0.00014081549651368767,262144000.0,314572800.0,143831040,0.0,0.0,0.0,0.0,0.0,0.0
1724520690000,nwdaf-mtlf,free5gc,0.7,1.0,0.00017578356598420074,262144000.0,314572800.0,143831040,0.1459481154449593,0.0,0.1459481154449593,0.0,0.0,0.0
1724520720000,nwdaf-mtlf,free5gc,0.7,1.0,0.00018062318527613255,262144000.0,314572800.0,143831040,0.0,0.0,0.0,0.0,0.0,0.0
1724520750000,nwdaf-mtlf,free5gc,0.7,1.0,0.000174222397718103,262144000.0,314572800.0,143831040,0.038003306287647,0.0,0.038003306287647,0.0,0.0,0.0
1724520780000,nwdaf-mtlf,free5gc,0.7,1.0,0.00016766978621915248,262144000.0,314572800.0,143790080,0.0845862674194844,0.0,0.0845862674194844,0.0,0.0,0.0
1724520810000,nwdaf-mtlf,free5gc,0.7,1.0,0.00016488684666161668,262144000.0,314572800.0,143138816,0.0751874771369345,0.0,0.0751874771369345,0.0,0.0,0.0
1724520840000,nwdaf-mtlf,free5gc,0.7,1.0,0.0001644349323620999,262144000.0,314572800.0,143138816,0.030033637674195,0.0,0.030033637674195,0.0,0.0,0.0
1724520870000,nwdaf-mtlf,free5gc,0.7,1.0,0.0001762634957018668,262144000.0,314572800.0,143138816,0.0,0.0,0.0,0.0,0.0,0.0
1724520900000,nwdaf-mtlf,free5gc,0.7,1.0,0.00017243127856702518,262144000.0,314572800.0,143138816,0.0,0.0,0.0,0.0,0.0,0.0
1724520930000,nwdaf-mtlf,free5gc,0.7,1.0,0.0001766059122985263,262144000.0,314572800.0,143138816,0.0980776775205963,0.0,0.0980776775205963,0.0,0.0,0.0
1724520960000,nwdaf-mtlf,free5gc,0.7,1.0,0.00017700331571502065,262144000.0,314572800.0,143138816,0.0,0.0,0.0,0.0,0.0,0.0
1724520990000,nwdaf-mtlf,free5gc,0.7,1.0,0.00017530754670844713,262144000.0,314572800.0,143138816,0.0,0.0,0.0,0.0,0.0,0.0
1724521020000,nwdaf-mtlf,free5gc,0.7,1.0,0.00015473623531211245,262144000.0,314572800.0,143138816,0.0,0.0,0.0,0.0,0.0,0.0
1724521050000,nwdaf-mtlf,free5gc,0.7,1.0,0.00016428288323605935,262144000.0,314572800.0,143138816,0.0990393186094879,0.0,0.0990393186094879,0.0,0.0,0.0
1724521080000,nwdaf-mtlf,free5gc,0.7,1.0,0.00016555597564841949,262144000.0,314572800.0,143138816,0.070006767320841,0.0,0.070006767320841,0.0,0.0,0.0
1724521110000,nwdaf-mtlf,free5gc,0.7,1.0,0.0001683004297177942,262144000.0,314572800.0,143138816,0.0,0.0,0.0,0.0,0.0,0.0
1724521140000,nwdaf-mtlf,free5gc,0.7,1.0,0.00017172490257936305,262144000.0,314572800.0,143138816,0.0,0.0,0.0,0.0,0.0,0.0
1724521170000,nwdaf-mtlf,free5gc,0.7,1.0,0.00017105170058035553,262144000.0,314572800.0,143138816,0.1122460433269727,0.0,0.1122460433269727,0.0,0.0,0.0
1724521200000,nwdaf-mtlf,free5gc,0.7,1.0,0.00017326218464880719,262144000.0,314572800.0,143138816,0.07571312297704,0.0,0.07571312297704,0.0,0.0,0.0
1724521230000,nwdaf-mtlf,free5gc,0.7,1.0,0.00016873761122655092,262144000.0,314572800.0,143138816,0.0,0.0,0.0,0.0,0.0,0.0
1724521260000,nwdaf-mtlf,free5gc,0.7,1.0,0.000172308286908965,262144000.0,314572800.0,143138816,0.0,0.0,0.0,0.0,0.0,0.0
1724521290000,nwdaf-mtlf,free5gc,0.7,1.0,0.00017560184791624736,262144000.0,314572800.0,143138816,0.0858848284450552,0.0,0.0858848284450552,0.0,0.0,0.0
1724521320000,nwdaf-mtlf,free5gc,0.7,1.0,0.00017289191498892346,262144000.0,314572800.0,143138816,0.0,0.0,0.0,0.0,0.0,0.0
1724521350000,nwdaf-mtlf,free5gc,0.7,1.0,0.00017364292572209525,262144000.0,314572800.0,143138816,0.0,0.0,0.0,0.0,0.0,0.0
1724521380000,nwdaf-mtlf,free5gc,0.7,1.0,0.000172263570051478,262144000.0,314572800.0,143138816,0.0,0.0,0.0,0.0,0.0,0.0
1724521410000,nwdaf-mtlf,free5gc,0.7,1.0,0.00017395895601837356,262144000.0,314572800.0,143138816,0.1034848524047292,0.0,0.1034848524047292,0.0,0.0,0.0
1724521440000,nwdaf-mtlf,free5gc,0.7,1.0,0.00017348589997777473,262144000.0,314572800.0,143138816,0.0,0.0,0.0,0.0,0.0,0.0
1724521470000,nwdaf-mtlf,free5gc,0.7,1.0,0.00017711653546386726,262144000.0,314572800.0,143138816,0.0,0.0,0.0,0.0,0.0,0.0
1724521500000,nwdaf-mtlf,free5gc,0.7,1.0,0.00017290769402073002,262144000.0,314572800.0,143138816,0.0,0.0,0.0,0.0,0.0,0.0
1724521530000,nwdaf-mtlf,free5gc,0.7,1.0,0.00017032488228869535,262144000.0,314572800.0,143138816,0.0798929434557692,0.0,0.0798929434557692,0.0,0.0,0.0
1724521560000,nwdaf-mtlf,free5gc,0.7,1.0,0.000170624994519582,262144000.0,314572800.0,143138816,0.0718868500979458,0.0,0.0718868500979458,0.0,0.0,0.0
1724521590000,nwdaf-mtlf,free5gc,0.7,1.0,0.00016662869725196072,262144000.0,314572800.0,143138816,0.0,0.0,0.0,0.0,0.0,0.0
1724521620000,nwdaf-mtlf,free5gc,0.7,1.0,0.00016756513986843058,262144000.0,314572800.0,143138816,0.0,0.0,0.0,0.0,0.0,0.0
1724521650000,nwdaf-mtlf,free5gc,0.7,1.0,0.00017460971039142157,262144000.0,314572800.0,143138816,0.083752093802345,0.0,0.083752093802345,0.0,0.0,0.0
1724521680000,nwdaf-mtlf,free5gc,0.7,1.0,0.00018198876260705209,262144000.0,314572800.0,143138816,0.0867660137524131,0.0,0.0867660137524131,0.0,0.0,0.0
1724521710000,nwdaf-mtlf,free5gc,0.7,1.0,0.0001749314486149781,262144000.0,314572800.0,143138816,0.0,0.0,0.0,0.0,0.0,0.0
1724521740000,nwdaf-mtlf,free5gc,0.7,1.0,0.00017457047695301813,262144000.0,314572800.0,143138816,0.0,0.0,0.0,0.0,0.0,0.0
1724521770000,nwdaf-mtlf,free5gc,0.7,1.0,0.00017102918206642282,262144000.0,314572800.0,143138816,0.0876117049237778,0.0,0.0876117049237778,0.0,0.0,0.0
1724521800000,nwdaf-mtlf,free5gc,0.7,1.0,0.00017118652533836066,262144000.0,314572800.0,143138816,0.1376895690316489,0.0,0.1376895690316489,0.0,0.0,0.0
1724521830000,nwdaf-mtlf,free5gc,0.7,1.0,0.00017251793937981305,262144000.0,314572800.0,143138816,0.0722877255051021,0.0,0.0722877255051021,0.0,0.0,0.0
1724521860000,nwdaf-mtlf,free5gc,0.7,1.0,0.00017386865823315517,262144000.0,314572800.0,143138816,0.0,0.0,0.0,0.0,0.0,0.0
1724521890000,nwdaf-mtlf,free5gc,0.7,1.0,0.0001758492587204106,262144000.0,314572800.0,143138816,0.0688325991189427,0.0,0.0688325991189427,0.0,0.0,0.0
1724521920000,nwdaf-mtlf,free5gc,0.7,1.0,0.00017574336634459186,262144000.0,314572800.0,143138816,0.0712682179382104,0.0,0.0712682179382104,0.0,0.0,0.0
1724521950000,nwdaf-mtlf,free5gc,0.7,1.0,0.0001751167956433303,262144000.0,314572800.0,143138816,0.0,0.0,0.0,0.0,0.0,0.0
1724521980000,nwdaf-mtlf,free5gc,0.7,1.0,0.00014317538536735266,262144000.0,314572800.0,143138816,0.0,0.0,0.0,0.0,0.0,0.0
1724522010000,nwdaf-mtlf,free5gc,0.7,1.0,0.0001785942980406461,262144000.0,314572800.0,143138816,0.078354554358472,0.0,0.078354554358472,0.0,0.0,0.0
1724522040000,nwdaf-mtlf,free5gc,0.7,1.0,0.00017249644436640528,262144000.0,314572800.0,143138816,0.0,0.0,0.0,0.0,0.0,0.0
1724522070000,nwdaf-mtlf,free5gc,0.7,1.0,0.00017206795042447567,262144000.0,314572800.0,143138816,0.0,0.0,0.0,0.0,0.0,0.0
1724522100000,nwdaf-mtlf,free5gc,0.7,1.0,0.00017242371005318186,262144000.0,314572800.0,143138816,0.0,0.0,0.0,0.0,0.0,0.0
1724522130000,nwdaf-mtlf,free5gc,0.7,1.0,0.00017442169158686662,262144000.0,314572800.0,143138816,0.0814780111217485,0.0,0.0814780111217485,0.0,0.0,0.0
1724522160000,nwdaf-mtlf,free5gc,0.7,1.0,0.0001656889041676127,262144000.0,314572800.0,143138816,0.0,0.0,0.0,0.0,0.0,0.0
1724522190000,nwdaf-mtlf,free5gc,0.7,1.0,0.00016863713120645915,262144000.0,314572800.0,143138816,0.0,0.0,0.0,0.0,0.0,0.0
1724522220000,nwdaf-mtlf,free5gc,0.7,1.0,0.00017430383530248818,262144000.0,314572800.0,143138816,0.0,0.0,0.0,0.0,0.0,0.0
1724522250000,nwdaf-mtlf,free5gc,0.7,1.0,0.00017234059563294002,262144000.0,314572800.0,143138816,0.0848050543812411,0.0,0.0848050543812411,0.0,0.0,0.0
1724522280000,nwdaf-mtlf,free5gc,0.7,1.0,0.0001764670347409584,262144000.0,314572800.0,143138816,0.0271671608684159,0.0,0.0271671608684159,0.0,0.0,0.0
1724522310000,nwdaf-mtlf,free5gc,0.7,1.0,0.0001765605375086874,262144000.0,314572800.0,143138816,0.0,0.0,0.0,0.0,0.0,0.0
1724522340000,nwdaf-mtlf,free5gc,0.7,1.0,0.00014213628638930155,262144000.0,314572800.0,143138816,0.0,0.0,0.0,0.0,0.0,0.0
1724522370000,nwdaf-mtlf,free5gc,0.7,1.0,0.00017576075894150823,262144000.0,314572800.0,143138816,0.1084069597268144,0.0,0.1084069597268144,0.0,0.0,0.0
1724522400000,nwdaf-mtlf,free5gc,0.7,1.0,0.0001712205378325341,262144000.0,314572800.0,143138816,0.0917999678700112,0.0,0.0917999678700112,0.0,0.0,0.0
1724522430000,nwdaf-mtlf,free5gc,0.7,1.0,0.00016462954233933068,262144000.0,314572800.0,143138816,0.0,0.0,0.0,0.0,0.0,0.0
1724522460000,nwdaf-mtlf,free5gc,0.7,1.0,0.00014667619534305918,262144000.0,314572800.0,143138816,0.0,0.0,0.0,0.0,0.0,0.0
1724522490000,nwdaf-mtlf,free5gc,0.7,1.0,0.00016689437091121822,262144000.0,314572800.0,143138816,0.1143053094816254,0.0,0.1143053094816254,0.0,0.0,0.0
1724522520000,nwdaf-mtlf,free5gc,0.7,1.0,0.00014395851933163167,262144000.0,314572800.0,143138816,0.0,0.0,0.0,0.0,0.0,0.0
1724522550000,nwdaf-mtlf,free5gc,0.7,1.0,0.00017305216428478414,262144000.0,314572800.0,143138816,0.0,0.0,0.0,0.0,0.0,0.0
1724522580000,nwdaf-mtlf,free5gc,0.7,1.0,0.0001857663252025953,262144000.0,314572800.0,143138816,0.0,0.0,0.0,0.0,0.0,0.0
1724522610000,nwdaf-mtlf,free5gc,0.7,1.0,0.00015572434018459695,262144000.0,314572800.0,143138816,0.0971392491136043,0.0,0.0971392491136043,0.0,0.0,0.0
1724522640000,nwdaf-mtlf,free5gc,0.7,1.0,0.00017105934963792169,262144000.0,314572800.0,143138816,0.0901611114354094,0.0,0.0901611114354094,0.0,0.0,0.0
1724522670000,nwdaf-mtlf,free5gc,0.7,1.0,0.00017077188382803822,262144000.0,314572800.0,143138816,0.0,0.0,0.0,0.0,0.0,0.0
1724522700000,nwdaf-mtlf,free5gc,0.7,1.0,0.00014295317647086063,262144000.0,314572800.0,143138816,0.0,0.0,0.0,0.0,0.0,0.0
1724522730000,nwdaf-mtlf,free5gc,0.7,1.0,0.00017297947582292414,262144000.0,314572800.0,143138816,0.0871573626182071,0.0,0.0871573626182071,0.0,0.0,0.0
1724522760000,nwdaf-mtlf,free5gc,0.7,1.0,0.00017522662412445663,262144000.0,314572800.0,143138816,0.0764845222740351,0.0,0.0764845222740351,0.0,0.0,0.0
1724522790000,nwdaf-mtlf,free5gc,0.7,1.0,0.00017125469059139288,262144000.0,314572800.0,143138816,0.0,0.0,0.0,0.0,0.0,0.0
1724522820000,nwdaf-mtlf,free5gc,0.7,1.0,0.00016999252428076983,262144000.0,314572800.0,143138816,0.0,0.0,0.0,0.0,0.0,0.0
1724522850000,nwdaf-mtlf,free5gc,0.7,1.0,0.00017713651663638967,262144000.0,314572800.0,143138816,0.0882106470250959,0.0,0.0882106470250959,0.0,0.0,0.0
1724522880000,nwdaf-mtlf,free5gc,0.7,1.0,0.00017777403685688873,262144000.0,314572800.0,143138816,0.0,0.0,0.0,0.0,0.0,0.0
1724522910000,nwdaf-mtlf,free5gc,0.7,1.0,0.00017084161606763313,262144000.0,314572800.0,143138816,0.0,0.0,0.0,0.0,0.0,0.0
1724522940000,nwdaf-mtlf,free5gc,0.7,1.0,0.00017856854652673553,262144000.0,314572800.0,143138816,0.0,0.0,0.0,0.0,0.0,0.0
1724522970000,nwdaf-mtlf,free5gc,0.7,1.0,0.00017440506700981868,262144000.0,314572800.0,142639104,0.105293637631946,0.0,0.105293637631946,0.0,0.0,0.0
1724523000000,nwdaf-mtlf,free5gc,0.7,1.0,0.0001674487249176579,262144000.0,314572800.0,142639104,0.0868979600703873,0.0,0.0868979600703873,0.0,0.0,0.0
1724523030000,nwdaf-mtlf,free5gc,0.7,1.0,0.00016675919683334324,262144000.0,314572800.0,142639104,0.0,0.0,0.0,0.0,0.0,0.0
1724523060000,nwdaf-mtlf,free5gc,0.7,1.0,0.0001753288696770642,262144000.0,314572800.0,142639104,0.0,0.0,0.0,0.0,0.0,0.0
1724523090000,nwdaf-mtlf,free5gc,0.7,1.0,0.0001741296494752351,262144000.0,314572800.0,142639104,0.0,0.0,0.0,0.0,0.0,0.0
1724523120000,nwdaf-mtlf,free5gc,0.7,1.0,0.0001729965550623008,262144000.0,314572800.0,142639104,0.0985925907668038,0.0,0.0985925907668038,0.0,0.0,0.0
1724523150000,nwdaf-mtlf,free5gc,0.7,1.0,0.00017018925298484011,262144000.0,314572800.0,140828672,0.0,0.0,0.0,0.0,0.0,0.0
1724523180000,nwdaf-mtlf,free5gc,0.7,1.0,0.00016953490658870175,262144000.0,314572800.0,140828672,0.0,0.0190949016612564,0.0190949016612564,0.0,0.0,0.0
1724523210000,nwdaf-mtlf,free5gc,0.7,1.0,0.00016972032394069954,262144000.0,314572800.0,140828672,0.1282160868450295,0.0213693478075049,0.1495854346525344,0.0,0.0,0.0
1724523240000,nwdaf-mtlf,free5gc,0.7,1.0,0.00016752009709920064,262144000.0,314572800.0,140828672,0.0913680074921766,0.0,0.0913680074921766,0.0,0.0,0.0
1724523270000,nwdaf-mtlf,free5gc,0.7,1.0,0.00016424426839282928,262144000.0,314572800.0,140828672,0.0,0.0,0.0,0.0,0.0,0.0
1724523300000,nwdaf-mtlf,free5gc,0.7,1.0,0.0001660597197014059,262144000.0,314572800.0,140828672,0.0,0.0,0.0,0.0,0.0,0.0
1724523330000,nwdaf-mtlf,free5gc,0.7,1.0,0.0001754113712367002,262144000.0,314572800.0,140828672,0.0870151623920468,0.0,0.0870151623920468,0.0,0.0,0.0
1724523360000,nwdaf-mtlf,free5gc,0.7,1.0,0.00014207658346280426,262144000.0,314572800.0,140828672,0.0275979380786815,0.0,0.0275979380786815,0.0,0.0,0.0
1724523390000,nwdaf-mtlf,free5gc,0.7,1.0,0.00016716032456024377,262144000.0,314572800.0,140828672,0.0,0.0,0.0,0.0,0.0,0.0
1724523420000,nwdaf-mtlf,free5gc,0.7,1.0,0.00016908013292008962,262144000.0,314572800.0,140828672,0.0,0.0,0.0,0.0,0.0,0.0
1724523450000,nwdaf-mtlf,free5gc,0.7,1.0,0.0001715489866598435,262144000.0,314572800.0,140828672,0.3237218766619649,0.0,0.3237218766619649,0.0,0.0,0.0
1724523480000,nwdaf-mtlf,free5gc,0.7,1.0,0.00016755943461686673,262144000.0,314572800.0,140828672,0.2119676961231108,0.0,0.2119676961231108,0.0,0.0,0.0
1724523510000,nwdaf-mtlf,free5gc,0.7,1.0,0.0001664221184523906,262144000.0,314572800.0,140828672,0.2569978369348725,0.0,0.2569978369348725,0.0,0.0,0.0
1724523540000,nwdaf-mtlf,free5gc,0.7,1.0,0.00016831590944359873,262144000.0,314572800.0,140828672,0.0315995702458446,0.0,0.0315995702458446,0.0,0.0,0.0
1724523570000,nwdaf-mtlf,free5gc,0.7,1.0,0.00016716480020354172,262144000.0,314572800.0,140828672,0.2806339755597181,0.0,0.2806339755597181,0.0,0.0,0.0
1724523600000,nwdaf-mtlf,free5gc,0.7,1.0,0.00017405523523508805,262144000.0,314572800.0,139976704,0.0,0.0,0.0,0.0,0.0,0.0
1724523630000,nwdaf-mtlf,free5gc,0.7,1.0,0.00017050543572063977,262144000.0,314572800.0,139976704,0.3190105764275723,0.0,0.3190105764275723,0.0,0.0,0.0
1724523660000,nwdaf-mtlf,free5gc,0.7,1.0,0.00017253161834420645,262144000.0,314572800.0,139976704,0.0,0.0,0.0,0.0,0.0,0.0
1724523690000,nwdaf-mtlf,free5gc,0.7,1.0,0.00017465633743087808,262144000.0,314572800.0,139976704,0.0,0.0,0.0,0.0,0.0,0.0
1724523720000,nwdaf-mtlf,free5gc,0.7,1.0,0.0001686834287662617,262144000.0,314572800.0,139976704,0.0,0.0,0.0,0.0,0.0,0.0
1724523750000,nwdaf-mtlf,free5gc,0.7,1.0,0.00017348492170051347,262144000.0,314572800.0,139976704,0.0823163830181301,0.0,0.0823163830181301,0.0,0.0,0.0
1724523780000,nwdaf-mtlf,free5gc,0.7,1.0,0.00017303671884215025,262144000.0,314572800.0,139976704,0.0,0.0,0.0,0.0,0.0,0.0
1724523810000,nwdaf-mtlf,free5gc,0.7,1.0,0.00016740088461244181,262144000.0,314572800.0,139976704,0.0,0.0,0.0,0.0,0.0,0.0
1724523840000,nwdaf-mtlf,free5gc,0.7,1.0,0.0001692000095937366,262144000.0,314572800.0,139976704,0.0198714407111868,0.0,0.0198714407111868,0.0,0.0,0.0
1724523870000,nwdaf-mtlf,free5gc,0.7,1.0,0.0001683038856570318,262144000.0,314572800.0,139976704,0.1209153290408391,0.0,0.1209153290408391,0.0,0.0,0.0
1724523900000,nwdaf-mtlf,free5gc,0.7,1.0,0.00016864342977571155,262144000.0,314572800.0,139976704,0.0,0.0,0.0,0.0,0.0,0.0
1724523930000,nwdaf-mtlf,free5gc,0.7,1.0,0.0001697455416386348,262144000.0,314572800.0,139976704,0.0,0.0,0.0,0.0,0.0,0.0
1724523960000,nwdaf-mtlf,free5gc,0.7,1.0,0.00016756503873078507,262144000.0,314572800.0,139976704,0.0,0.0,0.0,0.0,0.0,0.0
1724523990000,nwdaf-mtlf,free5gc,0.7,1.0,0.00016772125330708897,262144000.0,314572800.0,139976704,0.0985950209514419,0.0,0.0985950209514419,0.0,0.0,0.0
1724524020000,nwdaf-mtlf,free5gc,0.7,1.0,0.00016617603953703107,262144000.0,314572800.0,139976704,0.0,0.0,0.0,0.0,0.0,0.0
1724524050000,nwdaf-mtlf,free5gc,0.7,1.0,0.00016180797436714136,262144000.0,314572800.0,139976704,0.0,0.0,0.0,0.0,0.0,0.0
1724524080000,nwdaf-mtlf,free5gc,0.7,1.0,0.00016950999449819734,262144000.0,314572800.0,139976704,0.0,0.0,0.0,0.0,0.0,0.0
1724524110000,nwdaf-mtlf,free5gc,0.7,1.0,0.00017548292287821167,262144000.0,314572800.0,139976704,0.1127649977447,0.0,0.1127649977447,0.0,0.0,0.0
1724524140000,nwdaf-mtlf,free5gc,0.7,1.0,0.00017363568340244472,262144000.0,314572800.0,139976704,0.0216656360374814,0.0,0.0216656360374814,0.0,0.0,0.0
1724524170000,nwdaf-mtlf,free5gc,0.7,1.0,0.00016762593297338092,262144000.0,314572800.0,139976704,0.0,0.0,0.0,0.0,0.0,0.0
1724524200000,nwdaf-mtlf,free5gc,0.7,1.0,0.0001676674134931034,262144000.0,314572800.0,139976704,0.0,0.0,0.0,0.0,0.0,0.0
1724524230000,nwdaf-mtlf,free5gc,0.7,1.0,0.00016829430677879628,262144000.0,314572800.0,139976704,0.1056161381459087,0.0,0.1056161381459087,0.0,0.0,0.0
1724524260000,nwdaf-mtlf,free5gc,0.7,1.0,0.0001712741116755167,262144000.0,314572800.0,139976704,0.0,0.0,0.0,0.0,0.0,0.0
1724524290000,nwdaf-mtlf,free5gc,0.7,1.0,0.00013532914928185479,262144000.0,314572800.0,139976704,0.0,0.0,0.0,0.0,0.0,0.0
1724524320000,nwdaf-mtlf,free5gc,0.7,1.0,0.0001643173115634979,262144000.0,314572800.0,139882496,0.0,0.0,0.0,0.0,0.0,0.0
1724524350000,nwdaf-mtlf,free5gc,0.7,1.0,0.00017008169820286714,262144000.0,314572800.0,139882496,0.0858203351284086,0.0,0.0858203351284086,0.0,0.0,0.0
1724524380000,nwdaf-mtlf,free5gc,0.7,1.0,0.00013958724861210073,262144000.0,314572800.0,139882496,0.0,0.0,0.0,0.0,0.0,0.0
1724524410000,nwdaf-mtlf,free5gc,0.7,1.0,0.00017263509775821244,262144000.0,314572800.0,139304960,0.0,0.0,0.0,0.0,0.0,0.0
1724524440000,nwdaf-mtlf,free5gc,0.7,1.0,0.000176408766951411,262144000.0,314572800.0,139214848,0.0,0.0,0.0,0.0,0.0,0.0
1724524470000,nwdaf-mtlf,free5gc,0.7,1.0,0.0001776037138297111,262144000.0,314572800.0,139214848,0.0916506278068004,0.0,0.0916506278068004,0.0,0.0,0.0
1724524500000,nwdaf-mtlf,free5gc,0.7,1.0,0.0001678499583951251,262144000.0,314572800.0,139214848,0.0,0.0,0.0,0.0,0.0,0.0
1724524530000,nwdaf-mtlf,free5gc,0.7,1.0,0.00016773904619430706,262144000.0,314572800.0,139214848,0.0,0.0,0.0,0.0,0.0,0.0
1724524560000,nwdaf-mtlf,free5gc,0.7,1.0,0.00017135685957598922,262144000.0,314572800.0,139214848,0.0,0.0,0.0,0.0,0.0,0.0
1724524590000,nwdaf-mtlf,free5gc,0.7,1.0,0.00017326493963794562,262144000.0,314572800.0,139214848,0.0720292438730124,0.0,0.0720292438730124,0.0,0.0,0.0
1724524620000,nwdaf-mtlf,free5gc,0.7,1.0,0.00016867303492283455,262144000.0,314572800.0,139214848,0.0,0.0,0.0,0.0,0.0,0.0
1724524650000,nwdaf-mtlf,free5gc,0.7,1.0,0.00016558657981726035,262144000.0,314572800.0,139214848,0.0,0.0,0.0,0.0,0.0,0.0
1724524680000,nwdaf-mtlf,free5gc,0.7,1.0,0.00016225475799972258,262144000.0,314572800.0,139214848,0.0,0.0,0.0,0.0,0.0,0.0
1724524710000,nwdaf-mtlf,free5gc,0.7,1.0,0.00016564784315496536,262144000.0,314572800.0,139214848,0.0936329588014981,0.0,0.0936329588014981,0.0,0.0,0.0
1724524740000,nwdaf-mtlf,free5gc,0.7,1.0,0.00016833992068489826,262144000.0,314572800.0,139214848,0.0,0.0,0.0,0.0,0.0,0.0
1724524770000,nwdaf-mtlf,free5gc,0.7,1.0,0.0001688478489352463,262144000.0,314572800.0,139214848,0.0,0.0,0.0,0.0,0.0,0.0
1724524800000,nwdaf-mtlf,free5gc,0.7,1.0,0.00016562897029456157,262144000.0,314572800.0,132870144,0.0,0.0,0.0,0.0,0.0,0.0
1724524830000,nwdaf-mtlf,free5gc,0.7,1.0,0.00016835674707545227,262144000.0,314572800.0,132870144,0.1042254276944211,0.0,0.1042254276944211,0.0,0.0,0.0
1724524860000,nwdaf-mtlf,free5gc,0.7,1.0,0.00016842990055814346,262144000.0,314572800.0,132870144,0.0,0.0,0.0,0.0,0.0,0.0
1724524890000,nwdaf-mtlf,free5gc,0.7,1.0,0.00017358850850337514,262144000.0,314572800.0,132870144,0.0,0.0,0.0,0.0,0.0,0.0
1724524920000,nwdaf-mtlf,free5gc,0.7,1.0,0.00011411389999977926,262144000.0,314572800.0,132870144,0.0178345312193469,0.0,0.0178345312193469,0.0,0.0,0.0
1724524950000,nwdaf-mtlf,free5gc,0.7,1.0,0.00017692357945939938,262144000.0,314572800.0,132870144,0.119703136222169,0.0,0.119703136222169,0.0,0.0,0.0
1724524980000,nwdaf-mtlf,free5gc,0.7,1.0,0.00017170021205599876,262144000.0,314572800.0,132870144,0.0,0.0,0.0,0.0,0.0,0.0
1724525010000,nwdaf-mtlf,free5gc,0.7,1.0,0.00017302135698410442,262144000.0,314572800.0,132870144,0.0,0.0,0.0,0.0,0.0,0.0
1724525040000,nwdaf-mtlf,free5gc,0.7,1.0,0.00017444207127768964,262144000.0,314572800.0,132870144,0.0,0.0,0.0,0.0,0.0,0.0
1724525070000,nwdaf-mtlf,free5gc,0.7,1.0,0.00016696503168768176,262144000.0,314572800.0,132870144,0.0952880080041926,0.0,0.0952880080041926,0.0,0.0,0.0
1724525100000,nwdaf-mtlf,free5gc,0.7,1.0,0.0001681651033425149,262144000.0,314572800.0,132870144,0.0,0.0,0.0,0.0,0.0,0.0
1724525130000,nwdaf-mtlf,free5gc,0.7,1.0,0.0001693148212250599,262144000.0,314572800.0,132870144,0.0,0.0,0.0,0.0,0.0,0.0
1724525160000,nwdaf-mtlf,free5gc,0.7,1.0,0.00016862222646076182,262144000.0,314572800.0,132870144,0.0,0.0,0.0,0.0,0.0,0.0
1724525190000,nwdaf-mtlf,free5gc,0.7,1.0,0.00017232561343123436,262144000.0,314572800.0,132870144,0.0861289350157185,0.0,0.0861289350157185,0.0,0.0,0.0
1724525220000,nwdaf-mtlf,free5gc,0.7,1.0,0.00017224322313352485,262144000.0,314572800.0,132870144,0.0,0.0,0.0,0.0,0.0,0.0
1724525250000,nwdaf-mtlf,free5gc,0.7,1.0,0.0001633546010061304,262144000.0,314572800.0,132870144,0.0,0.0,0.0,0.0,0.0,0.0
1724525280000,nwdaf-mtlf,free5gc,0.7,1.0,0.00016630130992819486,262144000.0,314572800.0,132870144,0.0,0.0,0.0,0.0,0.0,0.0
1724525310000,nwdaf-mtlf,free5gc,0.7,1.0,0.00017014121235710484,262144000.0,314572800.0,132870144,0.1143902997025852,0.0,0.1143902997025852,0.0,0.0,0.0
1724525340000,nwdaf-mtlf,free5gc,0.7,1.0,0.0001663937323574258,262144000.0,314572800.0,132870144,0.0,0.0,0.0,0.0,0.0,0.0
1724525370000,nwdaf-mtlf,free5gc,0.7,1.0,0.0001696934133172182,262144000.0,314572800.0,132870144,0.0,0.0,0.0,0.0,0.0,0.0
1724525400000,nwdaf-mtlf,free5gc,0.7,1.0,0.00016890345583074598,262144000.0,314572800.0,132870144,0.0674051272833486,0.0,0.0674051272833486,0.0,0.0,0.0
1724525430000,nwdaf-mtlf,free5gc,0.7,1.0,0.00017205667156893116,262144000.0,314572800.0,132870144,0.1746724890829694,0.0,0.1746724890829694,0.0,0.0,0.0
1724525460000,nwdaf-mtlf,free5gc,0.7,1.0,0.00016423967754668043,262144000.0,314572800.0,132870144,0.0,0.0,0.0,0.0,0.0,0.0
1724525490000,nwdaf-mtlf,free5gc,0.7,1.0,0.00016803415559767226,262144000.0,314572800.0,132870144,0.0,0.0,0.0,0.0,0.0,0.0
1724525520000,nwdaf-mtlf,free5gc,0.7,1.0,0.00014392653175132397,262144000.0,314572800.0,132870144,0.0,0.0,0.0,0.0,0.0,0.0
1724525550000,nwdaf-mtlf,free5gc,0.7,1.0,0.00016588783877946337,262144000.0,314572800.0,132870144,0.1054129552522005,0.0,0.1054129552522005,0.0,0.0,0.0
1724525580000,nwdaf-mtlf,free5gc,0.7,1.0,0.00017419640769383932,262144000.0,314572800.0,132870144,0.0,0.0,0.0,0.0,0.0,0.0
1724525610000,nwdaf-mtlf,free5gc,0.7,1.0,0.00017502165301769412,262144000.0,314572800.0,132870144,0.0,0.0,0.0,0.0,0.0,0.0
1724525640000,nwdaf-mtlf,free5gc,0.7,1.0,0.00017020705103249276,262144000.0,314572800.0,132870144,0.0,0.0,0.0,0.0,0.0,0.0
1724525670000,nwdaf-mtlf,free5gc,0.7,1.0,0.00017231501776926613,262144000.0,314572800.0,132870144,0.0860418593645808,0.0,0.0860418593645808,0.0,0.0,0.0
1724525700000,nwdaf-mtlf,free5gc,0.7,1.0,0.00016893704973001587,262144000.0,314572800.0,128348160,0.0,0.0,0.0,0.0,0.0,0.0
1724525730000,nwdaf-mtlf,free5gc,0.7,1.0,0.0001658143503248752,262144000.0,314572800.0,128348160,0.0,0.0,0.0,0.0,0.0,0.0
1724525760000,nwdaf-mtlf,free5gc,0.7,1.0,0.00016375250343294084,262144000.0,314572800.0,128348160,0.0,0.0,0.0,0.0,0.0,0.0
1724525790000,nwdaf-mtlf,free5gc,0.7,1.0,0.00016829573072396457,262144000.0,314572800.0,128348160,0.0879642864996811,0.0,0.0879642864996811,0.0,0.0,0.0
1724525820000,nwdaf-mtlf,free5gc,0.7,1.0,0.00016647909225307058,262144000.0,314572800.0,128348160,0.0208185868343256,0.0,0.0208185868343256,0.0,0.0,0.0
1724525850000,nwdaf-mtlf,free5gc,0.7,1.0,0.00017301045074676007,262144000.0,314572800.0,128348160,0.0,0.0,0.0,0.0,0.0,0.0
1724525880000,nwdaf-mtlf,free5gc,0.7,1.0,0.0001659458157972994,262144000.0,314572800.0,128348160,0.0,0.0,0.0,0.0,0.0,0.0
1724525910000,nwdaf-mtlf,free5gc,0.7,1.0,0.0001689052588803801,262144000.0,314572800.0,128348160,0.0948316737790422,0.0,0.0948316737790422,0.0,0.0,0.0
1724525940000,nwdaf-mtlf,free5gc,0.7,1.0,0.00016625345768882558,262144000.0,314572800.0,128348160,0.0,0.0,0.0,0.0,0.0,0.0
1724525970000,nwdaf-mtlf,free5gc,0.7,1.0,0.00016981203601705016,262144000.0,314572800.0,128348160,0.0,0.0,0.0,0.0,0.0,0.0
1724526000000,nwdaf-mtlf,free5gc,0.7,1.0,0.0001740886062811337,262144000.0,314572800.0,128348160,0.0,0.0,0.0,0.0,0.0,0.0
1724526030000,nwdaf-mtlf,free5gc,0.7,1.0,0.00016851745781392506,262144000.0,314572800.0,127950848,0.0766841762202369,0.0,0.0766841762202369,0.0,0.0,0.0
1724526060000,nwdaf-mtlf,free5gc,0.7,1.0,0.0001653149130447124,262144000.0,314572800.0,127950848,0.0,0.0,0.0,0.0,0.0,0.0
1724526090000,nwdaf-mtlf,free5gc,0.7,1.0,0.0001155493500007765,262144000.0,314572800.0,125591552,0.0,0.0,0.0,0.0,0.0,0.0
1724526120000,nwdaf-mtlf,free5gc,0.7,1.0,0.00017801520503815403,262144000.0,314572800.0,125489152,0.0,0.0,0.0,0.0,0.0,0.0
1724526150000,nwdaf-mtlf,free5gc,0.7,1.0,0.00016979486577737272,262144000.0,314572800.0,125153280,0.0959117611797146,0.0,0.0959117611797146,0.0,0.0,0.0
1724526180000,nwdaf-mtlf,free5gc,0.7,1.0,0.00017347933794675512,262144000.0,314572800.0,125153280,0.0,0.0,0.0,0.0,0.0,0.0
1724526210000,nwdaf-mtlf,free5gc,0.7,1.0,0.00014528619996709936,262144000.0,314572800.0,125153280,0.0,0.0,0.0,0.0,0.0,0.0
1724526240000,nwdaf-mtlf,free5gc,0.7,1.0,0.00017766332483083307,262144000.0,314572800.0,125153280,0.0,0.0,0.0,0.0,0.0,0.0
1724526270000,nwdaf-mtlf,free5gc,0.7,1.0,0.0001458341613250237,262144000.0,314572800.0,125153280,0.1064339311372465,0.0,0.1064339311372465,0.0,0.0,0.0
1724526300000,nwdaf-mtlf,free5gc,0.7,1.0,0.00016881032340548534,262144000.0,314572800.0,125153280,0.0,0.0,0.0,0.0,0.0,0.0
1724526330000,nwdaf-mtlf,free5gc,0.7,1.0,0.00016908454722683517,262144000.0,314572800.0,125153280,0.0,0.0,0.0,0.0,0.0,0.0
1724526360000,nwdaf-mtlf,free5gc,0.7,1.0,0.00016336435357997147,262144000.0,314572800.0,125153280,0.0,0.0,0.0,0.0,0.0,0.0
1724526390000,nwdaf-mtlf,free5gc,0.7,1.0,0.00017290724579217503,262144000.0,314572800.0,121942016,0.1074546675621222,0.0,0.1074546675621222,0.0,0.0,0.0
1724526420000,nwdaf-mtlf,free5gc,0.7,1.0,0.00017319456634938134,262144000.0,314572800.0,121942016,0.0419235862799629,0.0,0.0419235862799629,0.0,0.0,0.0
1724526450000,nwdaf-mtlf,free5gc,0.7,1.0,0.0001429245004305374,262144000.0,314572800.0,121942016,0.0,0.0,0.0,0.0,0.0,0.0
1724526480000,nwdaf-mtlf,free5gc,0.7,1.0,0.00016999543944847537,262144000.0,314572800.0,121942016,0.0,0.0,0.0,0.0,0.0,0.0
1724526510000,nwdaf-mtlf,free5gc,0.7,1.0,0.00017337670217595284,262144000.0,314572800.0,121942016,0.0960522141373205,0.0,0.0960522141373205,0.0,0.0,0.0
1724526540000,nwdaf-mtlf,free5gc,0.7,1.0,0.00017126748131508882,262144000.0,314572800.0,121942016,0.0,0.0,0.0,0.0,0.0,0.0
1724526570000,nwdaf-mtlf,free5gc,0.7,1.0,0.00016915999632523382,262144000.0,314572800.0,121942016,0.0,0.0,0.0,0.0,0.0,0.0
1724526600000,nwdaf-mtlf,free5gc,0.7,1.0,0.0001720704106820313,262144000.0,314572800.0,121942016,0.0,0.022661862351848,0.022661862351848,0.0,0.0,0.0
1724526630000,nwdaf-mtlf,free5gc,0.7,1.0,0.00017458272857194776,262144000.0,314572800.0,121942016,0.0732587315250636,0.0,0.0732587315250636,0.0,0.0,0.0
1724526720000,nwdaf-mtlf,free5gc,0.7,1.0,0.00016004286722549237,262144000.0,314572800.0,120311808,0.2729108673107362,0.0,0.2729108673107362,0.0,0.0,0.0
1724526750000,nwdaf-mtlf,free5gc,0.7,1.0,0.00014365194649234957,262144000.0,314572800.0,120311808,0.0,0.0,0.0,0.0,0.0,0.0
1724526780000,nwdaf-mtlf,free5gc,0.7,1.0,0.0001521848461176663,262144000.0,314572800.0,120311808,0.0,0.0,0.0,0.0,0.0,0.0
1724526810000,nwdaf-mtlf,free5gc,0.7,1.0,0.00015010455987948693,262144000.0,314572800.0,120311808,0.0611359051170752,0.0,0.0611359051170752,0.0,0.0,0.0
1724526840000,nwdaf-mtlf,free5gc,0.7,1.0,0.000150645866086969,262144000.0,314572800.0,120311808,0.1025220422390814,0.0,0.1025220422390814,0.0,0.0,0.0
1724526870000,nwdaf-mtlf,free5gc,0.7,1.0,0.00015629448629760122,262144000.0,314572800.0,116994048,0.0,0.0,0.0,0.0,0.0,0.0
1724526900000,nwdaf-mtlf,free5gc,0.7,1.0,0.00015696859582884983,262144000.0,314572800.0,115298304,0.0300309318598156,0.0,0.0300309318598156,0.0,0.0,0.0
1724526930000,nwdaf-mtlf,free5gc,0.7,1.0,0.00017227897916977084,262144000.0,314572800.0,115298304,0.1108156028368794,0.0,0.1108156028368794,0.0,0.0,0.0
1724526960000,nwdaf-mtlf,free5gc,0.7,1.0,0.00017474513510996436,262144000.0,314572800.0,115298304,0.1087074682030655,0.0,0.1087074682030655,0.0,0.0,0.0
1724526990000,nwdaf-mtlf,free5gc,0.7,1.0,0.00017479603865108338,262144000.0,314572800.0,115298304,0.0,0.0,0.0,0.0,0.0,0.0
1724527020000,nwdaf-mtlf,free5gc,0.7,1.0,0.00017036220561379974,262144000.0,314572800.0,114909184,0.0,0.0,0.0,0.0,0.0,0.0
1724527050000,nwdaf-mtlf,free5gc,0.7,1.0,0.0001696876107262139,262144000.0,314572800.0,114786304,0.0741166225055124,0.0,0.0741166225055124,0.0,0.0,0.0
1724527080000,nwdaf-mtlf,free5gc,0.7,1.0,0.0001715376132031734,262144000.0,314572800.0,114786304,0.1127681768205012,0.0,0.1127681768205012,0.0,0.0,0.0
1724527110000,nwdaf-mtlf,free5gc,0.7,1.0,0.00016855842990843458,262144000.0,314572800.0,114786304,0.0,0.0,0.0,0.0,0.0,0.0
1724527140000,nwdaf-mtlf,free5gc,0.7,1.0,0.00016933081260889454,262144000.0,314572800.0,114786304,0.0215665976535541,0.0,0.0215665976535541,0.0,0.0,0.0
1724527170000,nwdaf-mtlf,free5gc,0.7,1.0,0.00016921762465717623,262144000.0,314572800.0,114786304,0.0974677868964307,0.0,0.0974677868964307,0.0,0.0,0.0
1724527200000,nwdaf-mtlf,free5gc,0.7,1.0,0.0001694345146377191,262144000.0,314572800.0,114786304,0.0936746212032505,0.0,0.0936746212032505,0.0,0.0,0.0
1724527230000,nwdaf-mtlf,free5gc,0.7,1.0,0.0001694865234368336,262144000.0,314572800.0,114786304,0.0,0.0,0.0,0.0,0.0,0.0
1724527260000,nwdaf-mtlf,free5gc,0.7,1.0,0.00017237661821597797,262144000.0,314572800.0,114663424,0.0,0.0,0.0,0.0,0.0,0.0
1724527290000,nwdaf-mtlf,free5gc,0.7,1.0,0.00017582607096821467,262144000.0,314572800.0,114663424,0.0,0.0,0.0,0.0,0.0,0.0
1724527320000,nwdaf-mtlf,free5gc,0.7,1.0,0.00017258197560832112,262144000.0,314572800.0,114663424,0.1312809741048278,0.0,0.1312809741048278,0.0,0.0,0.0
1724527350000,nwdaf-mtlf,free5gc,0.7,1.0,0.00017228911089729303,262144000.0,314572800.0,114663424,0.0,0.0,0.0,0.0,0.0,0.0
1724527380000,nwdaf-mtlf,free5gc,0.7,1.0,0.00017375521735424793,262144000.0,314572800.0,114663424,0.0,0.0,0.0,0.0,0.0,0.0
1724527410000,nwdaf-mtlf,free5gc,0.7,1.0,0.000174670909621321,262144000.0,314572800.0,114663424,0.0874255931323994,0.0,0.0874255931323994,0.0,0.0,0.0
1724527440000,nwdaf-mtlf,free5gc,0.7,1.0,0.00017395185879020991,262144000.0,314572800.0,114663424,0.077930174563591,0.0,0.077930174563591,0.0,0.0,0.0
1724527470000,nwdaf-mtlf,free5gc,0.7,1.0,0.00016920447956425596,262144000.0,314572800.0,114663424,0.0,0.0,0.0,0.0,0.0,0.0
1724527500000,nwdaf-mtlf,free5gc,0.7,1.0,0.00014553917776824503,262144000.0,314572800.0,114663424,0.0,0.0,0.0,0.0,0.0,0.0
1724527530000,nwdaf-mtlf,free5gc,0.7,1.0,0.00017778631553253977,262144000.0,314572800.0,114397184,0.0856219363400903,0.0,0.0856219363400903,0.0,0.0,0.0
1724527560000,nwdaf-mtlf,free5gc,0.7,1.0,0.00016832380952343974,262144000.0,314572800.0,114270208,0.0831531681357059,0.0,0.0831531681357059,0.0,0.0,0.0
1724527590000,nwdaf-mtlf,free5gc,0.7,1.0,0.00017849167429495862,262144000.0,314572800.0,114270208,0.0,0.0,0.0,0.0,0.0,0.0
1724527620000,nwdaf-mtlf,free5gc,0.7,1.0,0.00015397685966974807,262144000.0,314572800.0,113721344,0.0,0.0,0.0,0.0,0.0,0.0
1724527650000,nwdaf-mtlf,free5gc,0.7,1.0,0.00016645079074009513,262144000.0,314572800.0,113721344,0.0797957229492499,0.0,0.0797957229492499,0.0,0.0,0.0
1724527680000,nwdaf-mtlf,free5gc,0.7,1.0,0.00013624228331321578,262144000.0,314572800.0,113721344,0.1282667949334616,0.0,0.1282667949334616,0.0,0.0,0.0
1724527710000,nwdaf-mtlf,free5gc,0.7,1.0,0.0001692861752912702,262144000.0,314572800.0,113721344,0.0,0.0,0.0,0.0,0.0,0.0
1724527740000,nwdaf-mtlf,free5gc,0.7,1.0,0.00017603197587803812,262144000.0,314572800.0,113721344,0.0,0.0,0.0,0.0,0.0,0.0
1724527770000,nwdaf-mtlf,free5gc,0.7,1.0,0.0001734298502782836,262144000.0,314572800.0,113721344,0.0792722804653282,0.0,0.0792722804653282,0.0,0.0,0.0
1724527800000,nwdaf-mtlf,free5gc,0.7,1.0,0.0001764336189872239,262144000.0,314572800.0,113721344,0.0798865610832617,0.0,0.0798865610832617,0.0,0.0,0.0
1724527830000,nwdaf-mtlf,free5gc,0.7,1.0,0.00014165851519832136,262144000.0,314572800.0,113721344,0.0,0.0,0.0,0.0,0.0,0.0
1724527860000,nwdaf-mtlf,free5gc,0.7,1.0,0.0001698617367426235,262144000.0,314572800.0,113721344,0.0,0.0,0.0,0.0,0.0,0.0
1724527890000,nwdaf-mtlf,free5gc,0.7,1.0,0.0001772794339262047,262144000.0,314572800.0,113721344,0.0798180149259688,0.0,0.0798180149259688,0.0,0.0,0.0
1724527920000,nwdaf-mtlf,free5gc,0.7,1.0,0.00017022209404845876,262144000.0,314572800.0,113721344,0.1254626434978985,0.0,0.1254626434978985,0.0,0.0,0.0
1724527950000,nwdaf-mtlf,free5gc,0.7,1.0,0.00017237153282710158,262144000.0,314572800.0,113721344,0.0,0.0,0.0,0.0,0.0,0.0
1724527980000,nwdaf-mtlf,free5gc,0.7,1.0,0.00017551038606585363,262144000.0,314572800.0,113721344,0.0,0.0,0.0,0.0,0.0,0.0
1724528010000,nwdaf-mtlf,free5gc,0.7,1.0,0.00017802820719737563,262144000.0,314572800.0,113721344,0.0,0.0,0.0,0.0,0.0,0.0
1724528040000,nwdaf-mtlf,free5gc,0.7,1.0,0.00017090884605098708,262144000.0,314572800.0,113721344,0.0979407947895497,0.0,0.0979407947895497,0.0,0.0,0.0
1724528070000,nwdaf-mtlf,free5gc,0.7,1.0,0.00016871467065203546,262144000.0,314572800.0,113721344,0.0,0.0,0.0,0.0,0.0,0.0
1724528100000,nwdaf-mtlf,free5gc,0.7,1.0,0.000168491295037675,262144000.0,314572800.0,113721344,0.0,0.0,0.0,0.0,0.0,0.0
1724528130000,nwdaf-mtlf,free5gc,0.7,1.0,0.0001728274776792808,262144000.0,314572800.0,113721344,0.0864956050318437,0.0,0.0864956050318437,0.0,0.0,0.0
1724528160000,nwdaf-mtlf,free5gc,0.7,1.0,0.00017231960117286186,262144000.0,314572800.0,113721344,0.1150648678192331,0.0,0.1150648678192331,0.0,0.0,0.0
1724528190000,nwdaf-mtlf,free5gc,0.7,1.0,0.00016705904924317117,262144000.0,314572800.0,113721344,0.0,0.0,0.0,0.0,0.0,0.0
1724528220000,nwdaf-mtlf,free5gc,0.7,1.0,0.0001723229965399152,262144000.0,314572800.0,113721344,0.0,0.0,0.0,0.0,0.0,0.0
1724528250000,nwdaf-mtlf,free5gc,0.7,1.0,0.00016979557784197285,262144000.0,314572800.0,113721344,0.0,0.0,0.0,0.0,0.0,0.0
1724528280000,nwdaf-mtlf,free5gc,0.7,1.0,0.00016864318119263867,262144000.0,314572800.0,113721344,0.1221859058557595,0.0,0.1221859058557595,0.0,0.0,0.0
1724528310000,nwdaf-mtlf,free5gc,0.7,1.0,0.00016947394248634744,262144000.0,314572800.0,113721344,0.0,0.0,0.0,0.0,0.0,0.0
1724528340000,nwdaf-mtlf,free5gc,0.7,1.0,0.00017595302619694705,262144000.0,314572800.0,113721344,0.0,0.0,0.0,0.0,0.0,0.0
1724528370000,nwdaf-mtlf,free5gc,0.7,1.0,0.00014251522605959342,262144000.0,314572800.0,110469120,0.0662397880326783,0.0,0.0662397880326783,0.0,0.0,0.0
1724528400000,nwdaf-mtlf,free5gc,0.7,1.0,0.00017161751917721754,262144000.0,314572800.0,108519424,0.0784775358053757,0.0,0.0784775358053757,0.0,0.0,0.0
1724528430000,nwdaf-mtlf,free5gc,0.7,1.0,0.00017474478394333083,262144000.0,314572800.0,108519424,0.0,0.0,0.0,0.0,0.0,0.0
1724528460000,nwdaf-mtlf,free5gc,0.7,1.0,0.00017348865288912502,262144000.0,314572800.0,108474368,0.0,0.0,0.0,0.0,0.0,0.0
1724528490000,nwdaf-mtlf,free5gc,0.7,1.0,0.00016131657471006995,262144000.0,314572800.0,108146688,0.0,0.0,0.0,0.0,0.0,0.0
1724528520000,nwdaf-mtlf,free5gc,0.7,1.0,0.00014912759705491054,262144000.0,314572800.0,108146688,0.0,0.0,0.0,0.0,0.0,0.0
1724528550000,nwdaf-mtlf,free5gc,0.7,1.0,0.0001517659236110309,262144000.0,314572800.0,108146688,0.0,0.0,0.0,0.0,0.0,0.0
1724528580000,nwdaf-mtlf,free5gc,0.7,1.0,0.00016673468495477902,262144000.0,314572800.0,108044288,0.0954039163307653,0.0,0.0954039163307653,0.0,0.0,0.0
1724528610000,nwdaf-mtlf,free5gc,0.7,1.0,0.00016398871119405826,262144000.0,314572800.0,108044288,0.0,0.0,0.0,0.0,0.0,0.0
1724528640000,nwdaf-mtlf,free5gc,0.7,1.0,0.00015988139304776787,262144000.0,314572800.0,108044288,0.0746602956547708,0.0,0.0746602956547708,0.0,0.0,0.0
1724528670000,nwdaf-mtlf,free5gc,0.7,1.0,0.00017225336568996478,262144000.0,314572800.0,107716608,0.1125395643269409,0.0,0.1125395643269409,0.0,0.0,0.0
1724528700000,nwdaf-mtlf,free5gc,0.7,1.0,0.00016916143243626115,262144000.0,314572800.0,107716608,0.0,0.0,0.0,0.0,0.0,0.0
1724528730000,nwdaf-mtlf,free5gc,0.7,1.0,0.00016909380987242372,262144000.0,314572800.0,107622400,0.0852260621297993,0.0,0.0852260621297993,0.0,0.0,0.0
1724528760000,nwdaf-mtlf,free5gc,0.7,1.0,0.0001706980818145385,262144000.0,314572800.0,107622400,0.0,0.0,0.0,0.0,0.0,0.0
1724528790000,nwdaf-mtlf,free5gc,0.7,1.0,0.0001736857270885375,262144000.0,314572800.0,107622400,0.0,0.0,0.0,0.0,0.0,0.0
1724528820000,nwdaf-mtlf,free5gc,0.7,1.0,0.00017040660882878698,262144000.0,314572800.0,107622400,0.0,0.0,0.0,0.0,0.0,0.0
1724528850000,nwdaf-mtlf,free5gc,0.7,1.0,0.00018273902536229637,262144000.0,314572800.0,107622400,0.0,0.0,0.0,0.0,0.0,0.0
1724528880000,nwdaf-mtlf,free5gc,0.7,1.0,0.00013843140640727627,262144000.0,314572800.0,107622400,0.1262267663858121,0.0,0.1262267663858121,0.0,0.0,0.0
1724528910000,nwdaf-mtlf,free5gc,0.7,1.0,0.0001684359985858266,262144000.0,314572800.0,107622400,0.0,0.0,0.0,0.0,0.0,0.0
1724528940000,nwdaf-mtlf,free5gc,0.7,1.0,0.00016526417262582586,262144000.0,314572800.0,107622400,0.0,0.0,0.0,0.0,0.0,0.0
1724528970000,nwdaf-mtlf,free5gc,0.7,1.0,0.00018496560316027557,262144000.0,314572800.0,107622400,0.0,0.0,0.0,0.0,0.0,0.0
1724529000000,nwdaf-mtlf,free5gc,0.7,1.0,0.00017097319746891803,262144000.0,314572800.0,107622400,0.0900049502722649,0.0,0.0900049502722649,0.0,0.0,0.0
1724529030000,nwdaf-mtlf,free5gc,0.7,1.0,0.00017064312321485377,262144000.0,314572800.0,107622400,0.073672061098696,0.0,0.073672061098696,0.0,0.0,0.0
1724529060000,nwdaf-mtlf,free5gc,0.7,1.0,0.00017360311154581735,262144000.0,314572800.0,107622400,0.0,0.0,0.0,0.0,0.0,0.0
1724529090000,nwdaf-mtlf,free5gc,0.7,1.0,0.00017164446225373015,262144000.0,314572800.0,107622400,0.0531194390587235,0.0,0.0531194390587235,0.0,0.0,0.0
1724529120000,nwdaf-mtlf,free5gc,0.7,1.0,0.00016964262882814376,262144000.0,314572800.0,107622400,0.0586138546714509,0.0,0.0586138546714509,0.0,0.0,0.0
1724529150000,nwdaf-mtlf,free5gc,0.7,1.0,0.00017369567772349497,262144000.0,314572800.0,107622400,0.0,0.0,0.0,0.0,0.0,0.0
1724529180000,nwdaf-mtlf,free5gc,0.7,1.0,0.00017318847415920692,262144000.0,314572800.0,107622400,0.0,0.0,0.0,0.0,0.0,0.0
1724529210000,nwdaf-mtlf,free5gc,0.7,1.0,0.00016954437009018147,262144000.0,314572800.0,107622400,0.0749793806703156,0.0,0.0749793806703156,0.0,0.0,0.0
1724529240000,nwdaf-mtlf,free5gc,0.7,1.0,0.00017326930648619963,262144000.0,314572800.0,107622400,0.1086130118388182,0.0,0.1086130118388182,0.0,0.0,0.0
1724529270000,nwdaf-mtlf,free5gc,0.7,1.0,0.0001695150070369762,262144000.0,314572800.0,107622400,0.0,0.0,0.0,0.0,0.0,0.0
1724529300000,nwdaf-mtlf,free5gc,0.7,1.0,0.00016992871315178615,262144000.0,314572800.0,107622400,0.0,0.0,0.0,0.0,0.0,0.0
1724529330000,nwdaf-mtlf,free5gc,0.7,1.0,0.00016989727453405658,262144000.0,314572800.0,107622400,0.0,0.0,0.0,0.0,0.0,0.0
1724529360000,nwdaf-mtlf,free5gc,0.7,1.0,0.00017759486709496584,262144000.0,314572800.0,107622400,0.1040014560203843,0.0,0.1040014560203843,0.0,0.0,0.0
1724529390000,nwdaf-mtlf,free5gc,0.7,1.0,0.00017071234477161257,262144000.0,314572800.0,107622400,0.0,0.0,0.0,0.0,0.0,0.0
1724529420000,nwdaf-mtlf,free5gc,0.7,1.0,0.00017236860618484768,262144000.0,314572800.0,107622400,0.0,0.0,0.0,0.0,0.0,0.0
1724529450000,nwdaf-mtlf,free5gc,0.7,1.0,0.0001473716341789429,262144000.0,314572800.0,107622400,0.0,0.0,0.0,0.0,0.0,0.0
1724529480000,nwdaf-mtlf,free5gc,0.7,1.0,0.00016349431095666068,262144000.0,314572800.0,107622400,0.1097724965010016,0.0,0.1097724965010016,0.0,0.0,0.0
1724529510000,nwdaf-mtlf,free5gc,0.7,1.0,0.0001794185907865022,262144000.0,314572800.0,107622400,0.0,0.0,0.0,0.0,0.0,0.0
1724529540000,nwdaf-mtlf,free5gc,0.7,1.0,0.00018324226298095469,262144000.0,314572800.0,107622400,0.0,0.0,0.0,0.0,0.0,0.0
1724529570000,nwdaf-mtlf,free5gc,0.7,1.0,0.0001797143692850759,262144000.0,314572800.0,107622400,0.0935125657510227,0.0,0.0935125657510227,0.0,0.0,0.0
1724529600000,nwdaf-mtlf,free5gc,0.7,1.0,0.0001781139519643136,262144000.0,314572800.0,107622400,0.1023148740248113,0.0,0.1023148740248113,0.0,0.0,0.0
1724529630000,nwdaf-mtlf,free5gc,0.7,1.0,0.0001801143574117475,262144000.0,314572800.0,107622400,0.0,0.0,0.0,0.0,0.0,0.0
1724529660000,nwdaf-mtlf,free5gc,0.7,1.0,0.00017076217435660254,262144000.0,314572800.0,107622400,0.0,0.0,0.0,0.0,0.0,0.0
1724529690000,nwdaf-mtlf,free5gc,0.7,1.0,0.00017179026879372389,262144000.0,314572800.0,107622400,0.0,0.0,0.0,0.0,0.0,0.0
1724529720000,nwdaf-mtlf,free5gc,0.7,1.0,0.00017253866332163877,262144000.0,314572800.0,107622400,0.0999999999999999,0.0,0.0999999999999999,0.0,0.0,0.0
1724529750000,nwdaf-mtlf,free5gc,0.7,1.0,0.00016992397290632223,262144000.0,314572800.0,107622400,0.0,0.0,0.0,0.0,0.0,0.0
1724529780000,nwdaf-mtlf,free5gc,0.7,1.0,0.00017132984968405758,262144000.0,314572800.0,107622400,0.0,0.0,0.0,0.0,0.0,0.0
1724529810000,nwdaf-mtlf,free5gc,0.7,1.0,0.00017662900834334786,262144000.0,314572800.0,107622400,0.1154534433989493,0.0,0.1154534433989493,0.0,0.0,0.0
1724529840000,nwdaf-mtlf,free5gc,0.7,1.0,0.00017807731663981098,262144000.0,314572800.0,107622400,0.0974540138871969,0.0,0.0974540138871969,0.0,0.0,0.0
1724529870000,nwdaf-mtlf,free5gc,0.7,1.0,0.0001761942198563374,262144000.0,314572800.0,107622400,0.0,0.0,0.0,0.0,0.0,0.0
1724529900000,nwdaf-mtlf,free5gc,0.7,1.0,0.00017860212242731924,262144000.0,314572800.0,107622400,0.0,0.0,0.0,0.0,0.0,0.0
1724529930000,nwdaf-mtlf,free5gc,0.7,1.0,0.0001787074068618709,262144000.0,314572800.0,107622400,0.0906700516819294,0.0,0.0906700516819294,0.0,0.0,0.0
1724529960000,nwdaf-mtlf,free5gc,0.7,1.0,0.0001686129796815174,262144000.0,314572800.0,107622400,0.0,0.0,0.0,0.0,0.0,0.0
1724529990000,nwdaf-mtlf,free5gc,0.7,1.0,0.0001679055279010164,262144000.0,314572800.0,107622400,0.0,0.0,0.0,0.0,0.0,0.0
1724530020000,nwdaf-mtlf,free5gc,0.7,1.0,0.00016546090139519018,262144000.0,314572800.0,107622400,0.0,0.0196263149631025,0.0196263149631025,0.0,0.0,0.0
1724530050000,nwdaf-mtlf,free5gc,0.7,1.0,0.00016664195169067056,262144000.0,314572800.0,107622400,0.080721108569891,0.0,0.080721108569891,0.0,0.0,0.0
1724530080000,nwdaf-mtlf,free5gc,0.7,1.0,0.00016844987312250253,262144000.0,314572800.0,107622400,0.0292567874158662,0.0,0.0292567874158662,0.0,0.0,0.0
1724530110000,nwdaf-mtlf,free5gc,0.7,1.0,0.00016696230979331998,262144000.0,314572800.0,107622400,0.0,0.0,0.0,0.0,0.0,0.0
1724530140000,nwdaf-mtlf,free5gc,0.7,1.0,0.00016928976525023643,262144000.0,314572800.0,107622400,0.0,0.0,0.0,0.0,0.0,0.0
1724530170000,nwdaf-mtlf,free5gc,0.7,1.0,0.0001437466943235448,262144000.0,314572800.0,107622400,0.0525859122341124,0.0,0.0525859122341124,0.0,0.0,0.0
1724530200000,nwdaf-mtlf,free5gc,0.7,1.0,0.00017129634689617905,262144000.0,314572800.0,107622400,0.0791358366636331,0.0,0.0791358366636331,0.0,0.0,0.0
1724530230000,nwdaf-mtlf,free5gc,0.7,1.0,0.00017203713252587766,262144000.0,314572800.0,107622400,0.0,0.0,0.0,0.0,0.0,0.0
1724530260000,nwdaf-mtlf,free5gc,0.7,1.0,0.00017244432141143062,262144000.0,314572800.0,107405312,0.0,0.0,0.0,0.0,0.0,0.0
1724530290000,nwdaf-mtlf,free5gc,0.7,1.0,0.00017181156219473032,262144000.0,314572800.0,107405312,0.0279282801765067,0.0,0.0279282801765067,0.0,0.0,0.0
1724530320000,nwdaf-mtlf,free5gc,0.7,1.0,0.00017100857254185144,262144000.0,314572800.0,107405312,0.0833976189979776,0.0,0.0833976189979776,0.0,0.0,0.0
1724530350000,nwdaf-mtlf,free5gc,0.7,1.0,0.00017236949528133237,262144000.0,314572800.0,107405312,0.0,0.0,0.0,0.0,0.0,0.0
1724530380000,nwdaf-mtlf,free5gc,0.7,1.0,0.0001697221383853923,262144000.0,314572800.0,107405312,0.0,0.0,0.0,0.0,0.0,0.0
1724530410000,nwdaf-mtlf,free5gc,0.7,1.0,0.00017098851731635713,262144000.0,314572800.0,107405312,0.0655780706931602,0.0,0.0655780706931602,0.0,0.0,0.0
1724530440000,nwdaf-mtlf,free5gc,0.7,1.0,0.00017391643335571617,262144000.0,314572800.0,107405312,0.1221523239479631,0.0,0.1221523239479631,0.0,0.0,0.0
1724530470000,nwdaf-mtlf,free5gc,0.7,1.0,0.00017491012688869746,262144000.0,314572800.0,107405312,0.0,0.0,0.0,0.0,0.0,0.0
1724530500000,nwdaf-mtlf,free5gc,0.7,1.0,0.0001749119815038198,262144000.0,314572800.0,107405312,0.0,0.0,0.0,0.0,0.0,0.0
1724530530000,nwdaf-mtlf,free5gc,0.7,1.0,0.00017200968914007027,262144000.0,314572800.0,107405312,0.0,0.0,0.0,0.0,0.0,0.0
1724530560000,nwdaf-mtlf,free5gc,0.7,1.0,0.00016983159447260106,262144000.0,314572800.0,107405312,0.1084245906971701,0.0,0.1084245906971701,0.0,0.0,0.0
1724530590000,nwdaf-mtlf,free5gc,0.7,1.0,0.00016973857020569465,262144000.0,314572800.0,107405312,0.0,0.0,0.0,0.0,0.0,0.0
1724530620000,nwdaf-mtlf,free5gc,0.7,1.0,0.00016927672405800094,262144000.0,314572800.0,107405312,0.0,0.0,0.0,0.0,0.0,0.0
1724530650000,nwdaf-mtlf,free5gc,0.7,1.0,0.0001682260912962637,262144000.0,314572800.0,107405312,0.0,0.0,0.0,0.0,0.0,0.0
1724530680000,nwdaf-mtlf,free5gc,0.7,1.0,0.00017223950185463394,262144000.0,314572800.0,107405312,0.083406313857959,0.0,0.083406313857959,0.0,0.0,0.0
1724530710000,nwdaf-mtlf,free5gc,0.7,1.0,0.00017393419048492288,262144000.0,314572800.0,107405312,0.0,0.0,0.0,0.0,0.0,0.0
1724530740000,nwdaf-mtlf,free5gc,0.7,1.0,0.0001745582704288274,262144000.0,314572800.0,107405312,0.0214550837821021,0.0,0.0214550837821021,0.0,0.0,0.0
1724530770000,nwdaf-mtlf,free5gc,0.7,1.0,0.00017189102925151644,262144000.0,314572800.0,107405312,0.1079121163724263,0.0,0.1079121163724263,0.0,0.0,0.0
1724530800000,nwdaf-mtlf,free5gc,0.7,1.0,0.00017542710472249,262144000.0,314572800.0,107405312,0.0915539173599392,0.0,0.0915539173599392,0.0,0.0,0.0
1724530830000,nwdaf-mtlf,free5gc,0.7,1.0,0.00017645040546034217,262144000.0,314572800.0,107405312,0.0,0.0,0.0,0.0,0.0,0.0
1724530860000,nwdaf-mtlf,free5gc,0.7,1.0,0.00016626755852978427,262144000.0,314572800.0,107405312,0.0,0.0,0.0,0.0,0.0,0.0
1724530890000,nwdaf-mtlf,free5gc,0.7,1.0,0.00016403040299569504,262144000.0,314572800.0,107405312,0.0799829369734456,0.0,0.0799829369734456,0.0,0.0,0.0
1724530920000,nwdaf-mtlf,free5gc,0.7,1.0,0.00016629775671149081,262144000.0,314572800.0,107405312,0.0250140864536157,0.0,0.0250140864536157,0.0,0.0,0.0
1724530950000,nwdaf-mtlf,free5gc,0.7,1.0,0.0001744963640488951,262144000.0,314572800.0,107405312,0.0,0.0,0.0,0.0,0.0,0.0
1724530980000,nwdaf-mtlf,free5gc,0.7,1.0,0.0001837229562066671,262144000.0,314572800.0,107405312,0.0,0.0,0.0,0.0,0.0,0.0
1724531010000,nwdaf-mtlf,free5gc,0.7,1.0,0.00017933707253053955,262144000.0,314572800.0,107405312,0.0,0.0,0.0,0.0,0.0,0.0
1724531040000,nwdaf-mtlf,free5gc,0.7,1.0,0.0001738823875814733,262144000.0,314572800.0,107405312,0.081385175690248,0.0,0.081385175690248,0.0,0.0,0.0
1724531070000,nwdaf-mtlf,free5gc,0.7,1.0,0.00017671224062229117,262144000.0,314572800.0,107405312,0.0,0.0,0.0,0.0,0.0,0.0
1724531100000,nwdaf-mtlf,free5gc,0.7,1.0,0.00017352211585068124,262144000.0,314572800.0,107405312,0.0,0.0,0.0,0.0,0.0,0.0
1724531130000,nwdaf-mtlf,free5gc,0.7,1.0,0.00014996055447104542,262144000.0,314572800.0,107405312,0.0,0.0,0.0,0.0,0.0,0.0
1724531160000,nwdaf-mtlf,free5gc,0.7,1.0,0.00016635884442261267,262144000.0,314572800.0,107405312,0.113626679544357,0.0,0.113626679544357,0.0,0.0,0.0
1724531190000,nwdaf-mtlf,free5gc,0.7,1.0,0.00017118827160456204,262144000.0,314572800.0,106627072,0.0,0.0,0.0,0.0,0.0,0.0
1724531220000,nwdaf-mtlf,free5gc,0.7,1.0,0.00016934067327942952,262144000.0,314572800.0,106627072,0.0,0.0,0.0,0.0,0.0,0.0
1724531250000,nwdaf-mtlf,free5gc,0.7,1.0,0.00017059309184201706,262144000.0,314572800.0,106393600,0.0,0.0,0.0,0.0,0.0,0.0
1724531280000,nwdaf-mtlf,free5gc,0.7,1.0,0.00016954239542471295,262144000.0,314572800.0,106299392,0.1135105990521865,0.0,0.1135105990521865,0.0,0.0,0.0
1724531310000,nwdaf-mtlf,free5gc,0.7,1.0,0.00014740575717115033,262144000.0,314572800.0,106299392,0.0,0.0,0.0,0.0,0.0,0.0
1724531340000,nwdaf-mtlf,free5gc,0.7,1.0,0.00014359069554996677,262144000.0,314572800.0,106299392,0.0,0.0,0.0,0.0,0.0,0.0
1724531370000,nwdaf-mtlf,free5gc,0.7,1.0,0.00013834603231302638,262144000.0,314572800.0,106299392,0.0771664480283972,0.0,0.0771664480283972,0.0,0.0,0.0
1724531400000,nwdaf-mtlf,free5gc,0.7,1.0,0.0001697962861705138,262144000.0,314572800.0,106299392,0.122684333210649,0.0,0.122684333210649,0.0,0.0,0.0
1724531430000,nwdaf-mtlf,free5gc,0.7,1.0,0.00016441037274434866,262144000.0,314572800.0,106299392,0.0,0.0,0.0,0.0,0.0,0.0
1724531460000,nwdaf-mtlf,free5gc,0.7,1.0,0.0001724910460642119,262144000.0,314572800.0,106258432,0.0,0.0,0.0,0.0,0.0,0.0
1724531490000,nwdaf-mtlf,free5gc,0.7,1.0,0.00017195043344543393,262144000.0,314572800.0,106246144,0.062802235759593,0.0,0.062802235759593,0.0,0.0,0.0
1724531520000,nwdaf-mtlf,free5gc,0.7,1.0,0.00016752383226924253,262144000.0,314572800.0,106246144,0.0822689784249604,0.0,0.0822689784249604,0.0,0.0,0.0
1724531550000,nwdaf-mtlf,free5gc,0.7,1.0,0.0001734892067672628,262144000.0,314572800.0,106246144,0.0,0.0,0.0,0.0,0.0,0.0
1724531580000,nwdaf-mtlf,free5gc,0.7,1.0,0.00017589769323284342,262144000.0,314572800.0,106246144,0.0,0.0,0.0,0.0,0.0,0.0
1724531610000,nwdaf-mtlf,free5gc,0.7,1.0,0.00017420064475501005,262144000.0,314572800.0,106246144,0.0,0.0,0.0,0.0,0.0,0.0
1724531640000,nwdaf-mtlf,free5gc,0.7,1.0,0.0001750643517925113,262144000.0,314572800.0,106246144,0.0873419656309365,0.0,0.0873419656309365,0.0,0.0,0.0
1724531670000,nwdaf-mtlf,free5gc,0.7,1.0,0.00017941791243195683,262144000.0,314572800.0,106246144,0.0,0.0,0.0,0.0,0.0,0.0
1724531700000,nwdaf-mtlf,free5gc,0.7,1.0,0.00017226162137171197,262144000.0,314572800.0,106246144,0.0,0.0,0.0,0.0,0.0,0.0
1724531730000,nwdaf-mtlf,free5gc,0.7,1.0,0.0001720163151719519,262144000.0,314572800.0,106246144,0.0,0.0,0.0,0.0,0.0,0.0
1724531760000,nwdaf-mtlf,free5gc,0.7,1.0,0.00016940435521081948,262144000.0,314572800.0,106246144,0.0924620327777906,0.0,0.0924620327777906,0.0,0.0,0.0
1724531790000,nwdaf-mtlf,free5gc,0.7,1.0,0.0001667119124787102,262144000.0,314572800.0,106246144,0.0,0.0,0.0,0.0,0.0,0.0
1724531820000,nwdaf-mtlf,free5gc,0.7,1.0,0.00017033339441574217,262144000.0,314572800.0,106246144,0.0,0.0,0.0,0.0,0.0,0.0
1724531850000,nwdaf-mtlf,free5gc,0.7,1.0,0.00014250257557389673,262144000.0,314572800.0,106246144,0.0,0.0,0.0,0.0,0.0,0.0
1724531880000,nwdaf-mtlf,free5gc,0.7,1.0,0.00017115475742826187,262144000.0,314572800.0,106246144,0.0886014264829663,0.0,0.0886014264829663,0.0,0.0,0.0
1724531910000,nwdaf-mtlf,free5gc,0.7,1.0,0.000169018345291037,262144000.0,314572800.0,106246144,0.0,0.0,0.0,0.0,0.0,0.0
1724531940000,nwdaf-mtlf,free5gc,0.7,1.0,0.00017089827570731988,262144000.0,314572800.0,106246144,0.0,0.0,0.0,0.0,0.0,0.0
1724531970000,nwdaf-mtlf,free5gc,0.7,1.0,0.0001703350373153502,262144000.0,314572800.0,106246144,0.0,0.0,0.0,0.0,0.0,0.0
1724532000000,nwdaf-mtlf,free5gc,0.7,1.0,0.00016420321322830665,262144000.0,314572800.0,106246144,0.0766782962082582,0.0,0.0766782962082582,0.0,0.0,0.0
1724532030000,nwdaf-mtlf,free5gc,0.7,1.0,0.00016737523030300623,262144000.0,314572800.0,106246144,0.0,0.0,0.0,0.0,0.0,0.0
1724532060000,nwdaf-mtlf,free5gc,0.7,1.0,0.0001737423392958662,262144000.0,314572800.0,106246144,0.0,0.0,0.0,0.0,0.0,0.0
1724532090000,nwdaf-mtlf,free5gc,0.7,1.0,0.0001728003588219671,262144000.0,314572800.0,106246144,0.1027049312853678,0.0,0.1027049312853678,0.0,0.0,0.0
1724532120000,nwdaf-mtlf,free5gc,0.7,1.0,0.00016759140484206962,262144000.0,314572800.0,106246144,0.0763504485588852,0.0,0.0763504485588852,0.0,0.0,0.0
1724532150000,nwdaf-mtlf,free5gc,0.7,1.0,0.0001685844153452955,262144000.0,314572800.0,106246144,0.0,0.0,0.0,0.0,0.0,0.0
1724532180000,nwdaf-mtlf,free5gc,0.7,1.0,0.00017229991371124482,262144000.0,314572800.0,106246144,0.0,0.0,0.0,0.0,0.0,0.0
1724532210000,nwdaf-mtlf,free5gc,0.7,1.0,0.00017518086259189208,262144000.0,314572800.0,106246144,0.0751747813666775,0.0,0.0751747813666775,0.0,0.0,0.0
1724532240000,nwdaf-mtlf,free5gc,0.7,1.0,0.00017069775724318112,262144000.0,314572800.0,106065920,0.0932537768488248,0.0,0.0932537768488248,0.0,0.0,0.0
1724532270000,nwdaf-mtlf,free5gc,0.7,1.0,0.00016676983166709596,262144000.0,314572800.0,106065920,0.0,0.0,0.0,0.0,0.0,0.0
1724532300000,nwdaf-mtlf,free5gc,0.7,1.0,0.00016012528545874332,262144000.0,314572800.0,106065920,0.0,0.0,0.0,0.0,0.0,0.0
1724532330000,nwdaf-mtlf,free5gc,0.7,1.0,0.00016722168636815128,262144000.0,314572800.0,106065920,0.0,0.0,0.0,0.0,0.0,0.0
1724532360000,nwdaf-mtlf,free5gc,0.7,1.0,0.00017393470798070351,262144000.0,314572800.0,106065920,0.1173023173536175,0.0,0.1173023173536175,0.0,0.0,0.0
1724532390000,nwdaf-mtlf,free5gc,0.7,1.0,0.00016672716425582588,262144000.0,314572800.0,106065920,0.0,0.0,0.0,0.0,0.0,0.0
1724532420000,nwdaf-mtlf,free5gc,0.7,1.0,0.00017182517445030583,262144000.0,314572800.0,106065920,0.0,0.0,0.0,0.0,0.0,0.0
1724532450000,nwdaf-mtlf,free5gc,0.7,1.0,0.00017341587037794342,262144000.0,314572800.0,106065920,0.099626010375196,0.0,0.099626010375196,0.0,0.0,0.0
1724532480000,nwdaf-mtlf,free5gc,0.7,1.0,0.00016745551743301804,262144000.0,314572800.0,106065920,0.0,0.0,0.0,0.0,0.0,0.0
1724532510000,nwdaf-mtlf,free5gc,0.7,1.0,0.0001728298462425991,262144000.0,314572800.0,106065920,0.0,0.0,0.0,0.0,0.0,0.0
1724532540000,nwdaf-mtlf,free5gc,0.7,1.0,0.00016967323104664299,262144000.0,314572800.0,106065920,0.0,0.0,0.0,0.0,0.0,0.0
1724532570000,nwdaf-mtlf,free5gc,0.7,1.0,0.00017219310286356232,262144000.0,314572800.0,106065920,0.0906741623974248,0.0,0.0906741623974248,0.0,0.0,0.0
1724532600000,nwdaf-mtlf,free5gc,0.7,1.0,0.0001678275565078582,262144000.0,314572800.0,106065920,0.1090631475624386,0.0,0.1090631475624386,0.0,0.0,0.0
1724532630000,nwdaf-mtlf,free5gc,0.7,1.0,0.0001697261649007017,262144000.0,314572800.0,106065920,0.0861103935244984,0.0,0.0861103935244984,0.0,0.0,0.0
1724532660000,nwdaf-mtlf,free5gc,0.7,1.0,0.00014506835225095498,262144000.0,314572800.0,106065920,0.0,0.0,0.0,0.0,0.0,0.0
1724532690000,nwdaf-mtlf,free5gc,0.7,1.0,0.00017305761104141902,262144000.0,314572800.0,106065920,0.0919476817690733,0.0,0.0919476817690733,0.0,0.0,0.0
1724532720000,nwdaf-mtlf,free5gc,0.7,1.0,0.00016955162758846936,262144000.0,314572800.0,106065920,0.0,0.0,0.0,0.0,0.0,0.0
1724532750000,nwdaf-mtlf,free5gc,0.7,1.0,0.00016380498396370037,262144000.0,314572800.0,106065920,0.0,0.0,0.0,0.0,0.0,0.0
1724532780000,nwdaf-mtlf,free5gc,0.7,1.0,0.00016610094540970725,262144000.0,314572800.0,106065920,0.0,0.0,0.0,0.0,0.0,0.0
1724532810000,nwdaf-mtlf,free5gc,0.7,1.0,0.00016880270070585677,262144000.0,314572800.0,106065920,0.1053962900505902,0.0,0.1053962900505902,0.0,0.0,0.0
1724532840000,nwdaf-mtlf,free5gc,0.7,1.0,0.00017040199949037692,262144000.0,314572800.0,106065920,0.1084363478638039,0.0,0.1084363478638039,0.0,0.0,0.0
1724532870000,nwdaf-mtlf,free5gc,0.7,1.0,0.00017453438373398486,262144000.0,314572800.0,106065920,0.0,0.0,0.0,0.0,0.0,0.0
1724532900000,nwdaf-mtlf,free5gc,0.7,1.0,0.00017573170303555985,262144000.0,314572800.0,105885696,0.0,0.0,0.0,0.0,0.0,0.0
1724532930000,nwdaf-mtlf,free5gc,0.7,1.0,0.00017277645288098123,262144000.0,314572800.0,105885696,0.0,0.0,0.0,0.0,0.0,0.0
1724532960000,nwdaf-mtlf,free5gc,0.7,1.0,0.0001665253597997633,262144000.0,314572800.0,105885696,0.0874393389585974,0.0,0.0874393389585974,0.0,0.0,0.0
1724532990000,nwdaf-mtlf,free5gc,0.7,1.0,0.0001708410942465439,262144000.0,314572800.0,105885696,0.0,0.0,0.0,0.0,0.0,0.0
1724533020000,nwdaf-mtlf,free5gc,0.7,1.0,0.00017209003074205822,262144000.0,314572800.0,105885696,0.0,0.0,0.0,0.0,0.0,0.0
1724533050000,nwdaf-mtlf,free5gc,0.7,1.0,0.00013786535884413597,262144000.0,314572800.0,105885696,0.0,0.0,0.0,0.0,0.0,0.0
1724533080000,nwdaf-mtlf,free5gc,0.7,1.0,0.0001687491275765228,262144000.0,314572800.0,105885696,0.1016285982875581,0.0,0.1016285982875581,0.0,0.0,0.0
1724533110000,nwdaf-mtlf,free5gc,0.7,1.0,0.00016896494499343376,262144000.0,314572800.0,105885696,0.0,0.0,0.0,0.0,0.0,0.0
1724533140000,nwdaf-mtlf,free5gc,0.7,1.0,0.00016421392101934154,262144000.0,314572800.0,103923712,0.0,0.0,0.0,0.0,0.0,0.0
1724533170000,nwdaf-mtlf,free5gc,0.7,1.0,0.00014262495137050624,262144000.0,314572800.0,103833600,0.0876693113575592,0.0,0.0876693113575592,0.0,0.0,0.0
1724533200000,nwdaf-mtlf,free5gc,0.7,1.0,0.0001371742092070887,262144000.0,314572800.0,103833600,0.1069112822012149,0.0,0.1069112822012149,0.0,0.0,0.0
1724533230000,nwdaf-mtlf,free5gc,0.7,1.0,0.00016093487858631424,262144000.0,314572800.0,100126720,0.0,0.0,0.0,0.0,0.0,0.0
1724533260000,nwdaf-mtlf,free5gc,0.7,1.0,0.00016753222435676162,262144000.0,314572800.0,100126720,0.0,0.0,0.0,0.0,0.0,0.0
1724533290000,nwdaf-mtlf,free5gc,0.7,1.0,0.00017291533230061662,262144000.0,314572800.0,100126720,0.0616636862551643,0.0,0.0616636862551643,0.0,0.0,0.0
1724533320000,nwdaf-mtlf,free5gc,0.7,1.0,0.00016685849142616314,262144000.0,314572800.0,100126720,0.0884838295801442,0.0,0.0884838295801442,0.0,0.0,0.0
1724533350000,nwdaf-mtlf,free5gc,0.7,1.0,0.00016784550147553115,262144000.0,314572800.0,100126720,0.0,0.0,0.0,0.0,0.0,0.0
1724533380000,nwdaf-mtlf,free5gc,0.7,1.0,0.00011075710000056916,262144000.0,314572800.0,100126720,0.0,0.0,0.0,0.0,0.0,0.0
1724533410000,nwdaf-mtlf,free5gc,0.7,1.0,0.00013870708503913232,262144000.0,314572800.0,100126720,0.1035464664768314,0.0,0.1035464664768314,0.0,0.0,0.0
1724533440000,nwdaf-mtlf,free5gc,0.7,1.0,0.0001738294516331465,262144000.0,314572800.0,100126720,0.1000625390869293,0.0,0.1000625390869293,0.0,0.0,0.0
1724533470000,nwdaf-mtlf,free5gc,0.7,1.0,0.00017865376370463184,262144000.0,314572800.0,100126720,0.0,0.0,0.0,0.0,0.0,0.0
1724533500000,nwdaf-mtlf,free5gc,0.7,1.0,0.0001771572655200993,262144000.0,314572800.0,100126720,0.0,0.0,0.0,0.0,0.0,0.0
1724533530000,nwdaf-mtlf,free5gc,0.7,1.0,0.00017478001622081864,262144000.0,314572800.0,100126720,0.0719165767709457,0.0179791441927364,0.0898957209636821,0.0,0.0,0.0
1724533560000,nwdaf-mtlf,free5gc,0.7,1.0,0.00017280239078256164,262144000.0,314572800.0,100126720,0.0,0.0,0.0,0.0,0.0,0.0
1724533590000,nwdaf-mtlf,free5gc,0.7,1.0,0.00017105980566503587,262144000.0,314572800.0,100126720,0.0,0.0,0.0,0.0,0.0,0.0
1724533620000,nwdaf-mtlf,free5gc,0.7,1.0,0.00017233942289808963,262144000.0,314572800.0,100126720,0.0,0.0,0.0,0.0,0.0,0.0
1724533650000,nwdaf-mtlf,free5gc,0.7,1.0,0.00016595741956455673,262144000.0,314572800.0,100126720,0.0,0.0,0.0,0.0,0.0,0.0
1724533680000,nwdaf-mtlf,free5gc,0.7,1.0,0.0001690523557165007,262144000.0,314572800.0,100126720,0.1175951785976774,0.0,0.1175951785976774,0.0,0.0,0.0
1724533710000,nwdaf-mtlf,free5gc,0.7,1.0,0.0001738780163096577,262144000.0,314572800.0,100126720,0.0,0.0,0.0,0.0,0.0,0.0
1724533740000,nwdaf-mtlf,free5gc,0.7,1.0,0.00017338211666708515,262144000.0,314572800.0,100126720,0.0,0.0,0.0,0.0,0.0,0.0
1724533770000,nwdaf-mtlf,free5gc,0.7,1.0,0.00013963560960696247,262144000.0,314572800.0,100126720,0.0,0.0,0.0,0.0,0.0,0.0
1724533800000,nwdaf-mtlf,free5gc,0.7,1.0,0.00016568959044383492,262144000.0,314572800.0,100126720,0.117737093071172,0.0,0.117737093071172,0.0,0.0,0.0
1724533830000,nwdaf-mtlf,free5gc,0.7,1.0,0.00017671234074893895,262144000.0,314572800.0,100126720,0.0,0.0,0.0,0.0,0.0,0.0
1724533860000,nwdaf-mtlf,free5gc,0.7,1.0,0.00017726512536444893,262144000.0,314572800.0,100126720,0.0,0.0,0.0,0.0,0.0,0.0
1724533890000,nwdaf-mtlf,free5gc,0.7,1.0,0.0001746818142774919,262144000.0,314572800.0,100126720,0.0828860937856151,0.0,0.0828860937856151,0.0,0.0,0.0
1724533920000,nwdaf-mtlf,free5gc,0.7,1.0,0.00016896660117912324,262144000.0,314572800.0,100126720,0.1,0.0,0.1,0.0,0.0,0.0
1724533950000,nwdaf-mtlf,free5gc,0.7,1.0,0.00017121685990683047,262144000.0,314572800.0,100126720,0.0,0.0,0.0,0.0,0.0,0.0
1724533980000,nwdaf-mtlf,free5gc,0.7,1.0,0.0001757036054929319,262144000.0,314572800.0,100126720,0.0,0.0,0.0,0.0,0.0,0.0
1724534010000,nwdaf-mtlf,free5gc,0.7,1.0,0.00017805955443127378,262144000.0,314572800.0,100126720,0.119431506031291,0.0,0.119431506031291,0.0,0.0,0.0
1724534040000,nwdaf-mtlf,free5gc,0.7,1.0,0.00014665595651107584,262144000.0,314572800.0,100126720,0.1,0.0,0.1,0.0,0.0,0.0
1724534070000,nwdaf-mtlf,free5gc,0.7,1.0,0.00017058339876592255,262144000.0,314572800.0,100126720,0.0,0.0,0.0,0.0,0.0,0.0
1724534100000,nwdaf-mtlf,free5gc,0.7,1.0,0.00017385348619780827,262144000.0,314572800.0,100126720,0.0,0.0,0.0,0.0,0.0,0.0
1724534130000,nwdaf-mtlf,free5gc,0.7,1.0,0.00017427289235970203,262144000.0,314572800.0,100126720,0.0929476007900546,0.0,0.0929476007900546,0.0,0.0,0.0
1724534160000,nwdaf-mtlf,free5gc,0.7,1.0,0.00017342361290297224,262144000.0,314572800.0,100126720,0.0,0.0,0.0,0.0,0.0,0.0
1724534190000,nwdaf-mtlf,free5gc,0.7,1.0,0.00017190884724426755,262144000.0,314572800.0,100126720,0.0,0.0,0.0,0.0,0.0,0.0
1724534220000,nwdaf-mtlf,free5gc,0.7,1.0,0.00017562126324257898,262144000.0,314572800.0,100126720,0.0,0.0,0.0,0.0,0.0,0.0
1724534250000,nwdaf-mtlf,free5gc,0.7,1.0,0.00016785832271647535,262144000.0,314572800.0,100126720,0.0,0.0,0.0,0.0,0.0,0.0
1724534280000,nwdaf-mtlf,free5gc,0.7,1.0,0.000165007547004314,262144000.0,314572800.0,100126720,0.0920471281296023,0.0,0.0920471281296023,0.0,0.0,0.0
1724534310000,nwdaf-mtlf,free5gc,0.7,1.0,0.00017561754011106789,262144000.0,314572800.0,100126720,0.0,0.0,0.0,0.0,0.0,0.0
1724534340000,nwdaf-mtlf,free5gc,0.7,1.0,0.00023523372387422364,262144000.0,314572800.0,100126720,0.0284236257176965,0.0,0.0284236257176965,0.0,0.0,0.0
1724534370000,nwdaf-mtlf,free5gc,0.7,1.0,0.00019869087811952285,262144000.0,314572800.0,100126720,0.0225781363448499,0.0,0.0225781363448499,0.0,0.0,0.0
1724534400000,nwdaf-mtlf,free5gc,0.7,1.0,0.00023006617025447286,262144000.0,314572800.0,100126720,0.0893734918223255,0.0,0.0893734918223255,0.0,0.0,0.0
1724534430000,nwdaf-mtlf,free5gc,0.7,1.0,0.00019076047807717517,262144000.0,314572800.0,100126720,0.0,0.0,0.0,0.0,0.0,0.0
1724534460000,nwdaf-mtlf,free5gc,0.7,1.0,0.00023963923564431018,262144000.0,314572800.0,100126720,0.0,0.0,0.0,0.0,0.0,0.0
1724534490000,nwdaf-mtlf,free5gc,0.7,1.0,0.0002441586745064069,262144000.0,314572800.0,100126720,0.0733500816019657,0.0,0.0733500816019657,0.0,0.0,0.0
1724534520000,nwdaf-mtlf,free5gc,0.7,1.0,0.00023361286225385467,262144000.0,314572800.0,100126720,0.084537999830924,0.0,0.084537999830924,0.0,0.0,0.0
1724534550000,nwdaf-mtlf,free5gc,0.7,1.0,0.00021727040363538546,262144000.0,314572800.0,100126720,0.0,0.0,0.0,0.0,0.0,0.0
1724534580000,nwdaf-mtlf,free5gc,0.7,1.0,0.00024549718064638,262144000.0,314572800.0,100126720,0.0,0.0,0.0,0.0,0.0,0.0
1724534610000,nwdaf-mtlf,free5gc,0.7,1.0,0.00021587003981305553,262144000.0,314572800.0,100126720,0.0819084672878058,0.0,0.0819084672878058,0.0,0.0,0.0
1724534640000,nwdaf-mtlf,free5gc,0.7,1.0,0.00024291659873805114,262144000.0,314572800.0,100126720,0.1275876367579981,0.0,0.1275876367579981,0.0,0.0,0.0
1724534670000,nwdaf-mtlf,free5gc,0.7,1.0,0.0001995598393797363,262144000.0,314572800.0,100126720,0.0,0.0,0.0,0.0,0.0,0.0
1724534700000,nwdaf-mtlf,free5gc,0.7,1.0,0.0002420650981462637,262144000.0,314572800.0,100126720,0.0,0.0,0.0,0.0,0.0,0.0
1724534730000,nwdaf-mtlf,free5gc,0.7,1.0,0.0002068544194675956,262144000.0,314572800.0,100126720,0.0,0.0,0.0,0.0,0.0,0.0
1724534760000,nwdaf-mtlf,free5gc,0.7,1.0,0.0002375659855481338,262144000.0,314572800.0,100126720,0.1046901172529313,0.0,0.1046901172529313,0.0,0.0,0.0
1724534790000,nwdaf-mtlf,free5gc,0.7,1.0,0.00024599838226288366,262144000.0,314572800.0,100126720,0.0,0.0,0.0,0.0,0.0,0.0
1724534820000,nwdaf-mtlf,free5gc,0.7,1.0,0.0002425582259291648,262144000.0,314572800.0,100126720,0.0,0.0,0.0,0.0,0.0,0.0
1724534850000,nwdaf-mtlf,free5gc,0.7,1.0,0.00025103190421406926,262144000.0,314572800.0,100126720,0.1037452017844174,0.0,0.1037452017844174,0.0,0.0,0.0
1724534880000,nwdaf-mtlf,free5gc,0.7,1.0,0.00024378194918475127,262144000.0,314572800.0,100126720,0.0920132499079867,0.0,0.0920132499079867,0.0,0.0,0.0
1724534910000,nwdaf-mtlf,free5gc,0.7,1.0,0.0002423096445268391,262144000.0,314572800.0,100126720,0.0,0.0,0.0,0.0,0.0,0.0
1724534940000,nwdaf-mtlf,free5gc,0.7,1.0,0.0002465875674947072,262144000.0,314572800.0,100126720,0.0,0.0,0.0,0.0,0.0,0.0
1724534970000,nwdaf-mtlf,free5gc,0.7,1.0,0.000243572537564804,262144000.0,314572800.0,100126720,0.0926440615156568,0.0,0.0926440615156568,0.0,0.0,0.0
1724535000000,nwdaf-mtlf,free5gc,0.7,1.0,0.0002420370581028473,262144000.0,314572800.0,100126720,0.0707676521062222,0.0,0.0707676521062222,0.0,0.0,0.0
1724535030000,nwdaf-mtlf,free5gc,0.7,1.0,0.00023357334597544493,262144000.0,314572800.0,100126720,0.0,0.0,0.0,0.0,0.0,0.0
1724535060000,nwdaf-mtlf,free5gc,0.7,1.0,0.0002444140709812249,262144000.0,314572800.0,100126720,0.0,0.0,0.0,0.0,0.0,0.0
1724535090000,nwdaf-mtlf,free5gc,0.7,1.0,0.00027407445104456484,262144000.0,314572800.0,100126720,0.0,0.0,0.0,0.0,0.0,0.0
1724535120000,nwdaf-mtlf,free5gc,0.7,1.0,0.000236720719182369,262144000.0,314572800.0,100126720,0.075004687792987,0.0,0.075004687792987,0.0,0.0,0.0
1724535150000,nwdaf-mtlf,free5gc,0.7,1.0,0.00024063314369610457,262144000.0,314572800.0,100126720,0.0,0.0,0.0,0.0,0.0,0.0
1724535180000,nwdaf-mtlf,free5gc,0.7,1.0,0.00023115553660574406,262144000.0,314572800.0,100126720,0.0,0.0,0.0,0.0,0.0,0.0
1724535210000,nwdaf-mtlf,free5gc,0.7,1.0,0.00023437688948594866,262144000.0,314572800.0,100126720,0.0910021613013309,0.0,0.0910021613013309,0.0,0.0,0.0
1724535240000,nwdaf-mtlf,free5gc,0.7,1.0,0.00023333379943142526,262144000.0,314572800.0,100126720,0.0760412904206984,0.0,0.0760412904206984,0.0,0.0,0.0
1724535270000,nwdaf-mtlf,free5gc,0.7,1.0,0.00023430902746435843,262144000.0,314572800.0,100126720,0.0,0.0,0.0,0.0,0.0,0.0
1724535300000,nwdaf-mtlf,free5gc,0.7,1.0,0.00022801972279059792,262144000.0,314572800.0,100126720,0.0,0.0,0.0,0.0,0.0,0.0
1724535330000,nwdaf-mtlf,free5gc,0.7,1.0,0.0002324965621555528,262144000.0,314572800.0,100126720,0.0775840332059662,0.0,0.0775840332059662,0.0,0.0,0.0
1724535360000,nwdaf-mtlf,free5gc,0.7,1.0,0.00022842646218652527,262144000.0,314572800.0,100126720,0.077911959485781,0.0,0.077911959485781,0.0,0.0,0.0
1724535390000,nwdaf-mtlf,free5gc,0.7,1.0,0.0002311848655818771,262144000.0,314572800.0,100126720,0.0,0.0,0.0,0.0,0.0,0.0
1724535420000,nwdaf-mtlf,free5gc,0.7,1.0,0.00023766011044270405,262144000.0,314572800.0,100126720,0.0,0.0,0.0,0.0,0.0,0.0
1724535450000,nwdaf-mtlf,free5gc,0.7,1.0,0.00022987846518527212,262144000.0,314572800.0,100126720,0.0741303582349561,0.0,0.0741303582349561,0.0,0.0,0.0
1724535480000,nwdaf-mtlf,free5gc,0.7,1.0,0.00020943979498496058,262144000.0,314572800.0,100126720,0.1089640497519456,0.0,0.1089640497519456,0.0,0.0,0.0
1724535510000,nwdaf-mtlf,free5gc,0.7,1.0,0.0002064412099295552,262144000.0,314572800.0,100126720,0.0,0.0,0.0,0.0,0.0,0.0
1724535540000,nwdaf-mtlf,free5gc,0.7,1.0,0.00023437567265442895,262144000.0,314572800.0,100126720,0.0,0.0,0.0,0.0,0.0,0.0
1724535570000,nwdaf-mtlf,free5gc,0.7,1.0,0.00018711176432633405,262144000.0,314572800.0,100126720,0.08976056369634,0.0,0.08976056369634,0.0,0.0,0.0
1724535600000,nwdaf-mtlf,free5gc,0.7,1.0,0.00023117832358347253,262144000.0,314572800.0,100126720,0.068344524749261,0.0,0.068344524749261,0.0,0.0,0.0
1724535630000,nwdaf-mtlf,free5gc,0.7,1.0,0.0002259444913777105,262144000.0,314572800.0,100126720,0.0,0.0,0.0,0.0,0.0,0.0
1724535660000,nwdaf-mtlf,free5gc,0.7,1.0,0.0002326194193259596,262144000.0,314572800.0,100126720,0.0,0.0,0.0,0.0,0.0,0.0
1724535690000,nwdaf-mtlf,free5gc,0.7,1.0,0.00022343875941097433,262144000.0,314572800.0,100126720,0.0411548037944729,0.0,0.0411548037944729,0.0,0.0,0.0
1724535720000,nwdaf-mtlf,free5gc,0.7,1.0,0.00021558022799136317,262144000.0,314572800.0,100126720,0.0946660835801512,0.0,0.0946660835801512,0.0,0.0,0.0
1724535750000,nwdaf-mtlf,free5gc,0.7,1.0,0.0002138476674892295,262144000.0,314572800.0,100126720,0.0,0.0,0.0,0.0,0.0,0.0
1724535780000,nwdaf-mtlf,free5gc,0.7,1.0,0.00021717370946150222,262144000.0,314572800.0,100126720,0.0,0.0,0.0,0.0,0.0,0.0
1724535810000,nwdaf-mtlf,free5gc,0.7,1.0,0.00021787646876618983,262144000.0,314572800.0,100126720,0.0,0.0,0.0,0.0,0.0,0.0
1724535840000,nwdaf-mtlf,free5gc,0.7,1.0,0.00018583967226218085,262144000.0,314572800.0,100126720,0.1155401502021952,0.0,0.1155401502021952,0.0,0.0,0.0
1724535870000,nwdaf-mtlf,free5gc,0.7,1.0,0.00022569802890107634,262144000.0,314572800.0,100126720,0.0,0.0,0.0,0.0,0.0,0.0
1724535900000,nwdaf-mtlf,free5gc,0.7,1.0,0.0002463541826359313,262144000.0,314572800.0,100126720,0.0,0.0,0.0,0.0,0.0,0.0
1724535930000,nwdaf-mtlf,free5gc,0.7,1.0,0.00023166424214885706,262144000.0,314572800.0,100126720,0.0741436409470614,0.0,0.0741436409470614,0.0,0.0,0.0
1724535960000,nwdaf-mtlf,free5gc,0.7,1.0,0.0002254409152930354,262144000.0,314572800.0,100126720,0.025,0.0,0.025,0.0,0.0,0.0
1724535990000,nwdaf-mtlf,free5gc,0.7,1.0,0.00022002449684250006,262144000.0,314572800.0,100126720,0.0,0.0,0.0,0.0,0.0,0.0
1724536020000,nwdaf-mtlf,free5gc,0.7,1.0,0.00022527946790704465,262144000.0,314572800.0,100126720,0.0,0.0,0.0,0.0,0.0,0.0
1724536050000,nwdaf-mtlf,free5gc,0.7,1.0,0.0002279726509737881,262144000.0,314572800.0,100126720,0.0,0.0,0.0,0.0,0.0,0.0
1724536080000,nwdaf-mtlf,free5gc,0.7,1.0,0.0002399570960271966,262144000.0,314572800.0,100126720,0.1007100055390503,0.0,0.1007100055390503,0.0,0.0,0.0
1724536110000,nwdaf-mtlf,free5gc,0.7,1.0,0.00023607165167233683,262144000.0,314572800.0,100126720,0.0,0.0,0.0,0.0,0.0,0.0
1724536140000,nwdaf-mtlf,free5gc,0.7,1.0,0.00022617958020749974,262144000.0,314572800.0,100126720,0.0,0.0,0.0,0.0,0.0,0.0
1724536170000,nwdaf-mtlf,free5gc,0.7,1.0,0.00022414562444591016,262144000.0,314572800.0,100126720,0.0,0.0,0.0,0.0,0.0,0.0
1724536200000,nwdaf-mtlf,free5gc,0.7,1.0,0.0002193894015014538,262144000.0,314572800.0,100126720,0.0796917071083838,0.0,0.0796917071083838,0.0,0.0,0.0
1724536230000,nwdaf-mtlf,free5gc,0.7,1.0,0.00017955766940398727,262144000.0,314572800.0,100126720,0.0676178240584218,0.0,0.0676178240584218,0.0,0.0,0.0
1724536260000,nwdaf-mtlf,free5gc,0.7,1.0,0.00017435439064987816,262144000.0,314572800.0,100126720,0.0,0.0,0.0,0.0,0.0,0.0
1724536290000,nwdaf-mtlf,free5gc,0.7,1.0,0.00022630270246317444,262144000.0,314572800.0,100126720,0.0,0.0,0.0,0.0,0.0,0.0
1724536320000,nwdaf-mtlf,free5gc,0.7,1.0,0.00022201730258952855,262144000.0,314572800.0,100126720,0.125211294058724,0.0,0.125211294058724,0.0,0.0,0.0
1724536350000,nwdaf-mtlf,free5gc,0.7,1.0,0.00021707108801246455,262144000.0,314572800.0,100126720,0.0,0.0,0.0,0.0,0.0,0.0
1724536380000,nwdaf-mtlf,free5gc,0.7,1.0,0.00023054402181156444,262144000.0,314572800.0,100126720,0.0,0.0,0.0,0.0,0.0,0.0
1724536410000,nwdaf-mtlf,free5gc,0.7,1.0,0.00022703773404838404,262144000.0,314572800.0,100126720,0.08030838419531,0.0,0.08030838419531,0.0,0.0,0.0
1724536440000,nwdaf-mtlf,free5gc,0.7,1.0,0.00023488011131386432,262144000.0,314572800.0,100126720,0.0789343857918105,0.0,0.0789343857918105,0.0,0.0,0.0
1724536470000,nwdaf-mtlf,free5gc,0.7,1.0,0.00023494047946601753,262144000.0,314572800.0,100126720,0.0,0.0,0.0,0.0,0.0,0.0
1724536500000,nwdaf-mtlf,free5gc,0.7,1.0,0.00024376732191899736,262144000.0,314572800.0,100126720,0.0,0.0,0.0,0.0,0.0,0.0
1724536530000,nwdaf-mtlf,free5gc,0.7,1.0,0.00023577809646437148,262144000.0,314572800.0,100126720,0.0425930658488798,0.0,0.0425930658488798,0.0,0.0,0.0
1724536560000,nwdaf-mtlf,free5gc,0.7,1.0,0.0002331581918431143,262144000.0,314572800.0,100126720,0.0519633507853403,0.0,0.0519633507853403,0.0,0.0,0.0
1724536590000,nwdaf-mtlf,free5gc,0.7,1.0,0.0002332389537528157,262144000.0,314572800.0,100126720,0.0,0.0,0.0,0.0,0.0,0.0
