"time","receive_packets","transmit_packets","total_packets"
1724514000000,1.0983606985440035,0.6590164191264022,1.7573771176704058
1724514030000,1.7714791851195746,1.4042213052777117,3.1757004903972863
1724514060000,1.4357925378124816,1.4357925378124816,2.8715850756249632
1724514090000,1.415321609250783,1.415321609250783,2.830643218501566
1724514120000,0.9750000000000001,0.9500000000000001,1.9250000000000003
1724514150000,1.8286531024045738,1.4713300823944846,3.2999831847990584
1724514180000,1.838888308431721,1.4209591474245116,3.2598474558562325
1724514210000,1.422475106685633,1.422475106685633,2.844950213371266
1724514240000,1.442466205077481,1.442466205077481,2.884932410154962
1724514270000,1.5481115707994126,1.4680368343787535,3.016148405178166
1724514300000,1.598082301238514,1.5040774599891895,3.1021597612277034
1724514330000,1.4915169970791127,1.4915169970791127,2.9830339941582253
1724514360000,1.4315670618598275,1.4315670618598275,2.863134123719655
1724514390000,1.4388489208633093,1.4388489208633093,2.8776978417266186
1724514420000,1.5499999999999998,1.0499999999999998,2.5999999999999996
1724514450000,1.985735127249149,1.4589074404279463,3.4446425676770955
1724514480000,1.5747124229447125,1.382674322585601,2.9573867455303136
1724514510000,1.4149274849663955,1.4149274849663955,2.829854969932791
1724514540000,1.3959787477862278,1.3959787477862278,2.7919574955724555
1724514570000,1.4992503748125938,1.4252133192662928,2.9244636940788866
1724514600000,1.1138738843391223,1.1138738843391223,2.2277477686782445
1724514630000,1.405510427647217,1.405510427647217,2.811020855294434
1724514660000,1.3630168105406635,1.3630168105406635,2.726033621081327
1724514690000,1.37963413203664,1.2735084295722832,2.6531425616089233
1724514720000,1.490030983183936,1.3954258413944798,2.885456824578416
1724514750000,1.4273288877985684,1.4273288877985684,2.8546577755971367
1724514780000,1.4235471445319043,1.4235471445319043,2.8470942890638087
1724514810000,1.562331645296843,1.4905003052831949,3.052831950580038
1724514840000,1.5080823789999527,1.5080823789999527,3.0161647579999054
1724514870000,1.3102928252831252,1.3102928252831252,2.6205856505662504
1724514900000,1.4551658387274826,1.4551658387274826,2.9103316774549652
1724514930000,1.4728207916978224,1.3821856660548795,2.855006457752702
1724514960000,1.5156840347948333,1.4278182936473067,2.9435023284421398
1724514990000,1.4538252459914458,1.4538252459914458,2.9076504919828916
1724515020000,1.460718515594157,1.460718515594157,2.921437031188314
1724515050000,1.5402051669524282,1.423963267559792,2.96416843451222
1724515080000,1.417704953788271,1.417704953788271,2.835409907576542
1724515110000,1.463365741204771,1.463365741204771,2.926731482409542
1724515140000,1.408450704225352,1.408450704225352,2.816901408450704
1724515170000,1.5234613040828764,1.4422100345317896,2.965671338614666
1724515200000,1.4295606334740556,1.4295606334740556,2.859121266948111
1724515230000,1.4524170821591156,1.4524170821591156,2.904834164318231
1724515260000,1.4391567319473344,1.4391567319473344,2.878313463894669
1724515290000,1.5535744162145366,1.4579698367551805,3.011544252969717
1724515320000,1.2152461124751548,1.2152461124751548,2.4304922249503096
1724515350000,1.444890955885673,1.444890955885673,2.889781911771346
1724515380000,1.3918177983973008,1.3918177983973008,2.7836355967946016
1724515410000,1.5387720094848896,1.4378689268957165,2.976640936380606
1724515440000,1.5267490560977122,1.4442220800924304,2.9709711361901423
1724515470000,1.4281947618210582,1.4281947618210582,2.8563895236421164
1724515500000,1.4708427063505798,1.4708427063505798,2.9416854127011596
1724515530000,1.527344017142727,1.4361592997013701,2.963503316844097
1724515560000,1.5326272768357139,1.4540310062287543,2.986658283064468
1724515590000,1.4656564401937648,1.4656564401937648,2.9313128803875297
1724515620000,1.4724537876042043,1.4724537876042043,2.9449075752084086
1724515650000,1.5534795843392464,1.4695077149155034,3.0229872992547495
1724515680000,1.5091741904736689,1.4297439699224233,2.938918160396092
1724515710000,1.4735269776548716,1.4735269776548716,2.9470539553097432
1724515740000,1.4845199726535796,1.4845199726535796,2.969039945307159
1724515770000,1.53790230126108,1.426054861169365,2.963957162430445
1724515800000,1.4683067375886525,1.4683067375886525,2.936613475177305
1724515830000,1.477822112441151,1.4567103679777058,2.9345324804188566
1724515860000,1.6334335969403002,1.613513675026394,3.246947271966694
1724515890000,1.653496710411808,1.5838757962892054,3.2373725067010133
1724515920000,1.7226350089244944,1.6396164542775309,3.3622514632020253
1724515950000,1.6018771292556915,1.6018771292556915,3.203754258511383
1724515980000,1.5760776963707614,1.5760776963707614,3.152155392741523
1724516010000,1.7075278790817294,1.5810443324830827,3.288572211564812
1724516040000,1.5989089797549907,1.5989089797549907,3.1978179595099814
1724516070000,1.5988591923600457,1.5988591923600457,3.1977183847200914
1724516100000,1.6330400885002372,1.6330400885002372,3.2660801770004744
1724516130000,1.7477494732809806,1.6519823788546255,3.399731852135606
1724516160000,1.7295123177476117,1.649069884364002,3.3785822021116134
1724516190000,1.6358031164146554,1.6358031164146554,3.2716062328293107
1724516220000,1.7603567656378358,1.8072996127215115,3.5676563783593473
1724516250000,1.0776978715467038,1.036247953410292,2.113945824956996
1724516280000,0.663890397730702,0.5834188343694048,1.2473092321001067
1724516310000,0.57641220991429,0.57641220991429,1.15282441982858
1724516340000,0.5977836023359544,0.574791925323033,1.1725755276589873
1724516370000,0.6697768950066978,0.5773938750057739,1.2471707700124717
1724516400000,0.6115272894052897,0.5503745604647607,1.1619018498700504
1724516430000,0.5949455495486174,0.5949455495486174,1.189891099097235
1724516460000,0.5679308386445384,0.5679308386445384,1.1358616772890768
1724516490000,0.6565096325809884,0.5659565798111968,1.2224662123921852
1724516520000,0.634794683594525,0.5554453481452093,1.1902400317397341
1724516550000,0.553653085078024,0.553653085078024,1.107306170156048
1724516580000,0.5413057961359093,0.5413057961359093,1.0826115922718187
1724516610000,0.6330147839581802,0.5513354569958344,1.1843502409540148
1724516640000,0.6382073464756772,0.5436581099607621,1.1818654564364395
1724516670000,0.5154035375424623,0.5154035375424623,1.0308070750849245
1724516700000,0.538398587242107,0.538398587242107,1.076797174484214
1724516730000,0.6333523339033504,0.5489053560495704,1.182257689952921
1724516760000,0.6319296834606767,0.5553321460715038,1.1872618295321806
1724516790000,0.5608359407284964,0.5608359407284964,1.1216718814569928
1724516820000,0.542262590659527,0.542262590659527,1.084525181319054
1724516850000,0.6572646523069989,0.582148692043342,1.239413344350341
1724516880000,0.5510926471523347,0.5298967761080141,1.0809894232603487
1724516910000,0.5468091408261375,0.5468091408261375,1.093618281652275
1724516940000,0.5497642357219885,0.5497642357219885,1.099528471443977
1724516970000,0.6311281415530261,0.5409669784740223,1.1720951200270484
1724517000000,0.6224227806737727,0.544619933089551,1.1670427137633237
1724517030000,0.5372613104698799,0.5372613104698799,1.0745226209397598
1724517060000,0.5529872370545688,0.5529872370545688,1.1059744741091375
1724517090000,0.5229842253273573,0.4128822831531769,0.9358665084805342
1724517120000,0.5485463521667581,0.5485463521667581,1.0970927043335161
1724517150000,0.5467674729915721,0.5467674729915721,1.0935349459831443
1724517180000,0.5462529150996912,0.5462529150996912,1.0925058301993824
1724517210000,0.6311598776520854,0.5340583580133029,1.1652182356653884
1724517240000,0.6551240056153487,0.5615348619560131,1.2166588675713617
1724517270000,0.5972617844344391,0.5972617844344391,1.1945235688688782
1724517300000,0.5952625313025987,0.5952625313025987,1.1905250626051973
1724517330000,0.6674453529117303,0.584014683797764,1.2514600367094944
1724517360000,0.6454851897009252,0.549857754189677,1.1953429438906022
1724517390000,0.571667289637431,0.571667289637431,1.143334579274862
1724517420000,0.5583361582484198,0.5583361582484198,1.1166723164968395
1724517450000,0.6678795974298152,0.5757582736463923,1.2436378710762075
1724517480000,0.5645332016089196,0.5645332016089196,1.1290664032178392
1724517510000,0.5435296341809244,0.5435296341809244,1.0870592683618487
1724517540000,0.5399965636582313,0.5399965636582313,1.0799931273164627
1724517570000,0.6672412355083545,0.5560343629236287,1.2232755984319832
1724517600000,0.5535162850317544,0.5535162850317544,1.1070325700635089
1724517630000,0.5103172842245397,0.5103172842245397,1.0206345684490794
1724517660000,0.5522764143453799,0.5522764143453799,1.1045528286907598
1724517690000,0.635678924354208,0.558626933523395,1.1943058578776031
1724517720000,0.9478060444176377,0.5600672080649677,1.5078732524826055
1724517750000,0.7595461136557184,0.5523971735677953,1.3119432872235137
1724517780000,0.6073890194628568,0.5281643647503103,1.135553384213167
1724517810000,0.6990275293488762,0.5551100968358723,1.2541376261847486
1724517840000,0.6713543691035652,0.5476838274265927,1.2190381965301578
1724517870000,0.6086427267194157,0.5356055995130858,1.1442483262325016
1724517900000,0.5970488727148665,0.5970488727148665,1.194097745429733
1724517930000,0.6619264194051203,0.5765165588367177,1.238442978241838
1724517960000,0.6850357740904246,0.5835489927436951,1.2685847668341197
1724517990000,0.6193078324225865,0.5646630236794171,1.1839708561020035
1724518020000,0.5683735635246266,0.5683735635246266,1.1367471270492533
1724518050000,0.6530990603800615,0.5688282138794084,1.2219272742594698
1724518080000,0.5619029780857838,0.5619029780857838,1.1238059561715676
1724518110000,0.5497163463652756,0.5497163463652756,1.099432692730551
1724518140000,0.4522740662189231,0.4522740662189231,0.9045481324378462
1724518170000,0.62048012324019,0.534896657965681,1.155376781205871
1724518200000,0.5484894529853415,0.4672317562467723,1.0157212092321137
1724518230000,0.6628815171340461,0.5764187105513444,1.2393002276853906
1724518260000,0.6123976502075348,0.544353466851142,1.1567511170586768
1724518290000,0.6232713957383819,0.5453624712710842,1.168633867009466
1724518320000,0.6525364332841916,0.555864369093941,1.2084008023781325
1724518350000,0.5434585703416543,0.5434585703416543,1.0869171406833087
1724518380000,0.5478002984567144,0.5478002984567144,1.0956005969134288
1724518410000,0.6397194711652372,0.5449462161777946,1.1846656873430317
1724518440000,0.5679935627396223,0.5679935627396223,1.1359871254792446
1724518470000,0.5646111547525531,0.5646111547525531,1.1292223095051062
1724518500000,0.5636978579481398,0.5636978579481398,1.1273957158962795
1724518530000,0.5454066051136363,0.43058416193181814,0.9759907670454544
1724518560000,0.5577386233996704,0.5577386233996704,1.1154772467993408
1724518590000,0.5541819421945605,0.5541819421945605,1.108363884389121
1724518620000,0.6028817748839452,0.6028817748839452,1.2057635497678905
1724518650000,0.6288319446627889,0.5502279515799403,1.1790598962427292
1724518680000,0.6190219453263843,0.5790850456279079,1.198106990954292
1724518710000,0.5775652016965978,0.5775652016965978,1.1551304033931955
1724518740000,0.6550218340611353,0.5731441048034934,1.2281659388646289
1724518770000,0.6864237323544333,0.5670456919449667,1.2534694242994
1724518800000,0.6583278472679394,0.5830903790087463,1.2414182262766857
1724518830000,0.5801185099241702,0.5801185099241702,1.1602370198483405
1724518860000,0.7618598593383692,0.656045989985818,1.4179058493241872
1724518890000,0.1945714563673509,0.048642864091837726,0.24321432045918862
1724518920000,0,0,0
1724518950000,0,0,0
1724518980000,0,0,0
1724519010000,0,0,0
1724519040000,0.09029345372460497,0,0.09029345372460497
1724519070000,0,0,0
1724519100000,0,0,0
1724519130000,0.1816035594297648,0,0.1816035594297648
1724519160000,0,0,0
1724519190000,0,0,0
1724519220000,0,0,0
1724519250000,0.18153762367250614,0,0.18153762367250614
1724519280000,0.17761187787536595,0,0.17761187787536595
1724519310000,0,0,0
1724519340000,0,0,0
1724519370000,0.10659276235143632,0,0.10659276235143632
1724519400000,0,0,0
1724519430000,0,0,0
1724519460000,0,0,0
1724519490000,0.0787711697518708,0,0.0787711697518708
1724519520000,0,0,0
1724519550000,0,0,0
1724519580000,0,0,0
1724519610000,0.17524899962029383,0,0.17524899962029383
1724519640000,0.1079900317774298,0,0.1079900317774298
1724519670000,0,0,0
1724519700000,0,0,0
1724519730000,0.10208248264597794,0,0.10208248264597794
1724519760000,0.17071505219003025,0,0.17071505219003025
1724519790000,0,0,0
1724519820000,0,0,0
1724519850000,0.13861111661155226,0,0.13861111661155226
1724519880000,0.14092123968260875,0,0.14092123968260875
1724519910000,0,0.018627177051317872,0.018627177051317872
1724519940000,0.020026835960186652,0.020026835960186652,0.040053671920373304
1724519970000,0.09237181193497186,0,0.09237181193497186
1724520000000,0.08547008547008546,0,0.08547008547008546
1724520030000,0,0,0
1724520060000,0,0,0
1724520090000,0.0923424983262922,0,0.0923424983262922
1724520120000,0.1308876049438118,0,0.1308876049438118
1724520150000,0.05642117369774847,0,0.05642117369774847
1724520180000,0,0,0
1724520210000,0.06970219736177183,0,0.06970219736177183
1724520240000,0.04235762543151831,0,0.04235762543151831
1724520270000,0,0,0
1724520300000,0,0,0
1724520330000,0.11091393078970718,0,0.11091393078970718
1724520360000,0.0805234021137393,0,0.0805234021137393
1724520390000,0,0,0
1724520420000,0,0,0
1724520450000,0.08224529659710085,0,0.08224529659710085
1724520480000,0,0,0
1724520510000,0,0,0
1724520540000,0,0,0
1724520570000,0.1018278091746856,0,0.1018278091746856
1724520600000,0.09087236828850608,0,0.09087236828850608
1724520630000,0,0,0
1724520660000,0,0,0
1724520690000,0.09234889412199289,0,0.09234889412199289
1724520720000,0.09275577404693441,0,0.09275577404693441
1724520750000,0.053228296162239855,0,0.053228296162239855
1724520780000,0.09785645921119687,0,0.09785645921119687
1724520810000,0.0910477317733822,0,0.0910477317733822
1724520840000,0.07639127611626753,0,0.07639127611626753
1724520870000,0,0,0
1724520900000,0,0,0
1724520930000,0.09923834569677722,0,0.09923834569677722
1724520960000,0,0,0
1724520990000,0,0,0
1724521020000,0,0,0
1724521050000,0.12596044841919637,0,0.12596044841919637
1724521080000,0,0,0
1724521110000,0,0,0
1724521140000,0,0,0
1724521170000,0.07065639793683318,0,0.07065639793683318
1724521200000,0,0,0
1724521230000,0,0,0
1724521260000,0,0,0
1724521290000,0.08065654427036074,0,0.08065654427036074
1724521320000,0.05584564264373272,0,0.05584564264373272
1724521350000,0,0,0
1724521380000,0,0,0
1724521410000,0.09703085581214826,0,0.09703085581214826
1724521440000,0.08671146759158899,0,0.08671146759158899
1724521470000,0,0,0
1724521500000,0,0,0
1724521530000,0.0978186442335909,0,0.0978186442335909
1724521560000,0,0,0
1724521590000,0,0,0
1724521620000,0,0,0
1724521650000,0.08229098090849243,0,0.08229098090849243
1724521680000,0.07766675016102484,0,0.07766675016102484
1724521710000,0,0,0
1724521740000,0,0,0
1724521770000,0.10221290949046864,0,0.10221290949046864
1724521800000,0.07428500680945897,0,0.07428500680945897
1724521830000,0.07211365111415591,0,0.07211365111415591
1724521860000,0,0,0
1724521890000,0.1066894270777766,0,0.1066894270777766
1724521920000,0,0,0
1724521950000,0,0,0
1724521980000,0,0,0
1724522010000,0.07960832703100745,0,0.07960832703100745
1724522040000,0.07923773300845863,0,0.07923773300845863
1724522070000,0,0,0
1724522100000,0,0,0
1724522130000,0.0751597143930853,0,0.0751597143930853
1724522160000,0.09485845978136725,0,0.09485845978136725
1724522190000,0,0,0
1724522220000,0,0,0
1724522250000,0.10817242684839634,0,0.10817242684839634
1724522280000,0,0,0
1724522310000,0,0,0
1724522340000,0,0,0
1724522370000,0.07913427107444557,0,0.07913427107444557
1724522400000,0.07540056550424129,0,0.07540056550424129
1724522430000,0,0,0
1724522460000,0,0,0
1724522490000,0.06857064490691535,0,0.06857064490691535
1724522520000,0,0,0
1724522550000,0,0,0
1724522580000,0,0,0
1724522610000,0.08203781943475942,0,0.08203781943475942
1724522640000,0.02215281008395915,0,0.02215281008395915
1724522670000,0,0,0
1724522700000,0,0,0
1724522730000,0.07353481873667181,0,0.07353481873667181
1724522760000,0,0,0
1724522790000,0,0,0
1724522820000,0,0,0
1724522850000,0.10180448448754169,0,0.10180448448754169
1724522880000,0.05539782227751247,0,0.05539782227751247
1724522910000,0,0,0
1724522940000,0,0,0
1724522970000,0.08307372793354101,0,0.08307372793354101
1724523000000,0,0,0
1724523030000,0,0,0
1724523060000,0,0,0
1724523090000,0.07638835841417767,0,0.07638835841417767
1724523120000,0.0770282501107281,0,0.0770282501107281
1724523150000,0,0,0
1724523180000,0,0,0
1724523210000,0.1331026221216558,0,0.1331026221216558
1724523240000,0.09778001792114695,0,0.09778001792114695
1724523270000,0,0,0
1724523300000,0,0,0
1724523330000,0.10685187658608254,0,0.10685187658608254
1724523360000,0,0,0
1724523390000,0,0,0
1724523420000,0,0,0
1724523450000,0.3491358886755281,0,0.3491358886755281
1724523480000,0,0,0
1724523510000,0.30000000000000004,0,0.30000000000000004
1724523540000,0.1357667914428131,0,0.1357667914428131
1724523570000,0.24415146268921736,0,0.24415146268921736
1724523600000,0.06181233774261343,0,0.06181233774261343
1724523630000,0.27862914460852606,0,0.27862914460852606
1724523660000,0,0,0
1724523690000,0,0,0
1724523720000,0,0,0
1724523750000,0.0807037365830038,0,0.0807037365830038
1724523780000,0,0,0
1724523810000,0,0,0
1724523840000,0,0,0
1724523870000,0.10559662090813093,0,0.10559662090813093
1724523900000,0,0,0
1724523930000,0,0,0
1724523960000,0,0,0
1724523990000,0.12000120001200013,0.03000030000300003,0.15000150001500015
1724524020000,0,0,0
1724524050000,0,0,0
1724524080000,0,0,0
1724524110000,0.09186743529087528,0,0.09186743529087528
1724524140000,0.02007628990162618,0,0.02007628990162618
1724524170000,0,0,0
1724524200000,0,0,0
1724524230000,0.07928799381553649,0,0.07928799381553649
1724524260000,0,0,0
1724524290000,0,0,0
1724524320000,0,0,0
1724524350000,0.07883326763894363,0,0.07883326763894363
1724524380000,0.016961514323998846,0,0.016961514323998846
1724524410000,0,0,0
1724524440000,0,0,0
1724524470000,0.09513842641042718,0,0.09513842641042718
1724524500000,0,0,0
1724524530000,0,0,0
1724524560000,0,0,0
1724524590000,0.10970626148487425,0,0.10970626148487425
1724524620000,0,0,0
1724524650000,0,0,0
1724524680000,0,0,0
1724524710000,0.06852717959260592,0,0.06852717959260592
1724524740000,0.019987208186760475,0,0.019987208186760475
1724524770000,0,0,0
1724524800000,0,0,0
1724524830000,0.08732480461074968,0,0.08732480461074968
1724524860000,0,0,0
1724524890000,0,0,0
1724524920000,0,0,0
1724524950000,0.06889899407468651,0,0.06889899407468651
1724524980000,0,0,0
1724525010000,0,0,0
1724525040000,0,0,0
1724525070000,0.09264620729588884,0,0.09264620729588884
1724525100000,0,0,0
1724525130000,0,0,0
1724525160000,0,0,0
1724525190000,0.09381963175794536,0,0.09381963175794536
1724525220000,0,0,0
1724525250000,0,0,0
1724525280000,0,0,0
1724525310000,0.0977803852547179,0,0.0977803852547179
1724525340000,0.01797882094892217,0,0.01797882094892217
1724525370000,0,0,0
1724525400000,0.0716110089991168,0,0.0716110089991168
1724525430000,0.127170990480343,0,0.127170990480343
1724525460000,0,0,0
1724525490000,0,0,0
1724525520000,0,0,0
1724525550000,0.11520073728471864,0,0.11520073728471864
1724525580000,0,0,0
1724525610000,0,0,0
1724525640000,0,0,0
1724525670000,0.08392606114013554,0,0.08392606114013554
1724525700000,0,0,0
1724525730000,0,0,0
1724525760000,0,0,0
1724525790000,0.08833922261484098,0,0.08833922261484098
1724525820000,0,0,0
1724525850000,0,0,0
1724525880000,0,0,0
1724525910000,0.10956175518814265,0,0.10956175518814265
1724525940000,0,0,0
1724525970000,0,0,0
1724526000000,0.02124887467424781,0,0.02124887467424781
1724526030000,0.08085054776246109,0,0.08085054776246109
1724526060000,0,0,0
1724526090000,0,0,0
1724526120000,0,0,0
1724526150000,0.09947279419078882,0,0.09947279419078882
1724526180000,0,0,0
1724526210000,0,0,0
1724526240000,0,0,0
1724526270000,0.08128264006014915,0,0.08128264006014915
1724526300000,0,0,0
1724526330000,0,0,0
1724526360000,0,0,0
1724526390000,0.08159774991556906,0,0.08159774991556906
1724526420000,0,0,0
1724526450000,0,0,0
1724526480000,0,0,0
1724526510000,0.16306984075805614,0,0.16306984075805614
1724526540000,0,0,0
1724526570000,0,0,0
1724526600000,0,0,0
1724526630000,0.11875779348019713,0,0.11875779348019713
1724526660000,0.021219573803618996,0,0.021219573803618996
1724526690000,0.5054167490715714,0,0.5054167490715714
1724526720000,0.2127025992257625,0,0.2127025992257625
1724526750000,0,0,0
1724526780000,0,0,0
1724526810000,0.06537015852263442,0,0.06537015852263442
1724526840000,0.09526077637532746,0,0.09526077637532746
1724526870000,0,0,0
1724526900000,0.018316695668101474,0,0.018316695668101474
1724526930000,0.029402252212519474,0,0.029402252212519474
1724526960000,0.08324231391585758,0,0.08324231391585758
1724526990000,0,0,0
1724527020000,0,0,0
1724527050000,0.08649770781074301,0,0.08649770781074301
1724527080000,0.0811457783908792,0,0.0811457783908792
1724527110000,0,0,0
1724527140000,0.025359470494256083,0,0.025359470494256083
1724527170000,0.026819918343540392,0,0.026819918343540392
1724527200000,0.11644154634373545,0,0.11644154634373545
1724527230000,0,0,0
1724527260000,0,0.01928491533922166,0.01928491533922166
1724527290000,0.07699563049796924,0,0.07699563049796924
1724527320000,0.11039050641644818,0,0.11039050641644818
1724527350000,0,0,0
1724527380000,0,0,0
1724527410000,0.10176045588684238,0,0.10176045588684238
1724527440000,0.07442552795608894,0,0.07442552795608894
1724527470000,0,0,0
1724527500000,0,0,0
1724527530000,0.08482123923830527,0,0.08482123923830527
1724527560000,0.09152535003043741,0,0.09152535003043741
1724527590000,0,0,0
1724527620000,0,0,0
1724527650000,0.07918910357934748,0,0.07918910357934748
1724527680000,0.025195520606913012,0,0.025195520606913012
1724527710000,0,0,0
1724527740000,0,0,0
1724527770000,0,0,0
1724527800000,0.1088346529535004,0,0.1088346529535004
1724527830000,0,0,0
1724527860000,0,0,0
1724527890000,0.09708502220819884,0,0.09708502220819884
1724527920000,0,0,0
1724527950000,0,0,0
1724527980000,0,0,0
1724528010000,0.09993254553176607,0,0.09993254553176607
1724528040000,0,0,0
1724528070000,0,0,0
1724528100000,0,0,0
1724528130000,0.08059966148142178,0,0.08059966148142178
1724528160000,0.1267507446606249,0,0.1267507446606249
1724528190000,0,0,0
1724528220000,0,0,0
1724528250000,0,0,0
1724528280000,0.09406452826639075,0,0.09406452826639075
1724528310000,0,0,0
1724528340000,0,0,0
1724528370000,0,0,0
1724528400000,0.10982634830522624,0,0.10982634830522624
1724528430000,0,0,0
1724528460000,0,0,0
1724528490000,0,0,0
1724528520000,0,0,0
1724528550000,0,0,0
1724528580000,0.09780907668231612,0,0.09780907668231612
1724528610000,0,0,0
1724528640000,0.06976419701409237,0,0.06976419701409237
1724528670000,0.11000797557822942,0,0.11000797557822942
1724528700000,0,0,0
1724528730000,0.08168099487451758,0,0.08168099487451758
1724528760000,0.1096371011950444,0,0.1096371011950444
1724528790000,0,0,0
1724528820000,0,0,0
1724528850000,0.10188746529458213,0,0.10188746529458213
1724528880000,0.10400416016640665,0,0.10400416016640665
1724528910000,0,0,0
1724528940000,0,0,0
1724528970000,0.09854401221945751,0,0.09854401221945751
1724529000000,0.0990417708668631,0,0.0990417708668631
1724529030000,0.07264450202193865,0,0.07264450202193865
1724529060000,0,0,0
1724529090000,0.08113261125309318,0,0.08113261125309318
1724529120000,0.10997343516520007,0,0.10997343516520007
1724529150000,0,0,0
1724529180000,0,0,0
1724529210000,0.0885896527285613,0,0.0885896527285613
1724529240000,0.07567588020508163,0,0.07567588020508163
1724529270000,0,0,0
1724529300000,0,0,0
1724529330000,0.09643434026856965,0,0.09643434026856965
1724529360000,0.07020253431148865,0,0.07020253431148865
1724529390000,0,0,0
1724529420000,0,0,0
1724529450000,0.08015228934976455,0,0.08015228934976455
1724529480000,0.09107260763643815,0,0.09107260763643815
1724529510000,0,0,0
1724529540000,0,0,0
1724529570000,0,0,0
1724529600000,0.11231222799382283,0,0.11231222799382283
1724529630000,0,0,0
1724529660000,0,0,0
1724529690000,0,0,0
1724529720000,0.08588298443370908,0,0.08588298443370908
1724529750000,0,0,0
1724529780000,0,0,0
1724529810000,0.07496392361176184,0,0.07496392361176184
1724529840000,0.11430530948162541,0,0.11430530948162541
1724529870000,0,0,0
1724529900000,0,0,0
1724529930000,0.11018373137206292,0,0.11018373137206292
1724529960000,0,0,0
1724529990000,0,0,0
1724530020000,0,0,0
1724530050000,0.08484822773264324,0,0.08484822773264324
1724530080000,0.11578788808931026,0,0.11578788808931026
1724530110000,0,0,0
1724530140000,0,0,0
1724530170000,0,0,0
1724530200000,0.0999575180548267,0,0.0999575180548267
1724530230000,0,0,0
1724530260000,0,0,0
1724530290000,0,0,0
1724530320000,0.08600855785150623,0,0.08600855785150623
1724530350000,0,0,0
1724530380000,0,0,0
1724530410000,0.15775773670233745,0,0.15775773670233745
1724530440000,0.14034102869974038,0,0.14034102869974038
1724530470000,0,0,0
1724530500000,0,0,0
1724530530000,0.029789389019631202,0,0.029789389019631202
1724530560000,0.0863881129956518,0,0.0863881129956518
1724530590000,0,0,0
1724530620000,0,0,0
1724530650000,0.07724095315336192,0,0.07724095315336192
1724530680000,0.07845598619174643,0,0.07845598619174643
1724530710000,0,0,0
1724530740000,0.022182786157941437,0,0.022182786157941437
1724530770000,0.08986663790934253,0,0.08986663790934253
1724530800000,0,0,0
1724530830000,0,0,0
1724530860000,0,0,0
1724530890000,0.10608391237468837,0,0.10608391237468837
1724530920000,0,0,0
1724530950000,0,0,0
1724530980000,0,0,0
1724531010000,0.07412486333228323,0,0.07412486333228323
1724531040000,0.08831603615667895,0,0.08831603615667895
1724531070000,0,0.027831895352073477,0.027831895352073477
1724531100000,0,0,0
1724531130000,0.06912760956726118,0,0.06912760956726118
1724531160000,0.11799758104958849,0,0.11799758104958849
1724531190000,0,0,0
1724531220000,0,0,0
1724531250000,0.07185628742514971,0,0.07185628742514971
1724531280000,0.02714658718055363,0,0.02714658718055363
1724531310000,0,0,0
1724531340000,0,0,0
1724531370000,0.08898974393201182,0,0.08898974393201182
1724531400000,0.08854883340331837,0,0.08854883340331837
1724531430000,0,0,0
1724531460000,0,0,0
1724531490000,0.08160767112108538,0,0.08160767112108538
1724531520000,0.13259082471492972,0,0.13259082471492972
1724531550000,0,0,0
1724531580000,0,0,0
1724531610000,0,0,0
1724531640000,0.1106531301004177,0,0.1106531301004177
1724531670000,0,0,0
1724531700000,0,0,0
1724531730000,0.07894061692092123,0,0.07894061692092123
1724531760000,0.1340886996748349,0,0.1340886996748349
1724531790000,0,0,0
1724531820000,0,0,0
1724531850000,0.11170688114387846,0,0.11170688114387846
1724531880000,0.10293077370564283,0,0.10293077370564283
1724531910000,0,0,0
1724531940000,0,0,0
1724531970000,0.08965795490204868,0,0.08965795490204868
1724532000000,0,0,0
1724532030000,0,0,0
1724532060000,0,0,0
1724532090000,0,0,0
1724532120000,0.12217470983506414,0,0.12217470983506414
1724532150000,0,0,0
1724532180000,0,0,0
1724532210000,0.1017759910437128,0,0.1017759910437128
1724532240000,0.1050854078250037,0,0.1050854078250037
1724532270000,0,0,0
1724532300000,0,0,0
1724532330000,0.09958175662218681,0,0.09958175662218681
1724532360000,0.11152312710848414,0,0.11152312710848414
1724532390000,0,0,0
1724532420000,0,0,0
1724532450000,0.05075498033244512,0,0.05075498033244512
1724532480000,0.05,0,0.05
1724532510000,0,0,0
1724532540000,0,0,0
1724532570000,0.07719772266718132,0,0.07719772266718132
1724532600000,0.11758272703240118,0,0.11758272703240118
1724532630000,0.06687919388278307,0,0.06687919388278307
1724532660000,0,0,0
1724532690000,0.09719589833309034,0,0.09719589833309034
1724532720000,0.09466847654780425,0,0.09466847654780425
1724532750000,0,0,0
1724532780000,0,0,0
1724532810000,0,0,0
1724532840000,0.08418394191308008,0,0.08418394191308008
1724532870000,0,0,0
1724532900000,0,0,0
1724532930000,0.08595126563238645,0,0.08595126563238645
1724532960000,0.08180126382952617,0,0.08180126382952617
1724532990000,0,0,0
1724533020000,0,0,0
1724533050000,0,0,0
1724533080000,0.11487980700192423,0,0.11487980700192423
1724533110000,0,0,0
1724533140000,0,0,0
1724533170000,0.0744324525493115,0,0.0744324525493115
1724533200000,0.10620220900594732,0,0.10620220900594732
1724533230000,0,0,0
1724533260000,0,0,0
1724533290000,0.07921001214553519,0,0.07921001214553519
1724533320000,0.023639463329487295,0,0.023639463329487295
1724533350000,0,0,0
1724533380000,0,0,0
1724533410000,0,0,0
1724533440000,0.10561334952738026,0,0.10561334952738026
1724533470000,0,0,0
1724533500000,0,0,0
1724533530000,0,0,0
1724533560000,0.08752777777777777,0,0.08752777777777777
1724533590000,0,0,0
1724533620000,0,0,0
1724533650000,0,0,0
1724533680000,0.10220507448194803,0,0.10220507448194803
1724533710000,0,0,0
1724533740000,0,0,0
1724533770000,0,0,0
1724533800000,0.11796974076149468,0,0.11796974076149468
1724533830000,0,0,0
1724533860000,0,0,0
1724533890000,0,0,0
1724533920000,0.07457260575327652,0,0.07457260575327652
1724533950000,0,0,0
1724533980000,0,0,0
1724534010000,0.08383986585621464,0,0.08383986585621464
1724534040000,0.10900608253940569,0,0.10900608253940569
1724534070000,0,0,0
1724534100000,0,0,0
1724534130000,0.10011513240226261,0,0.10011513240226261
1724534160000,0,0,0
1724534190000,0,0,0
1724534220000,0,0,0
1724534250000,0,0,0
1724534280000,0.10344470880314471,0,0.10344470880314471
1724534310000,0,0,0
1724534340000,0.024112072914908498,0,0.024112072914908498
1724534370000,0.028240609997175942,0,0.028240609997175942
1724534400000,0.0963646438121853,0,0.0963646438121853
1724534430000,0,0,0
1724534460000,0,0,0
1724534490000,0.07404116688879016,0,0.07404116688879016
1724534520000,0.09673903476602612,0,0.09673903476602612
1724534550000,0,0,0
1724534580000,0,0,0
1724534610000,0.0802258098554395,0,0.0802258098554395
1724534640000,0.09999999999999999,0,0.09999999999999999
1724534670000,0,0,0
1724534700000,0,0,0
1724534730000,0,0.02925254232685702,0.02925254232685702
1724534760000,0.08392782207301722,0,0.08392782207301722
1724534790000,0,0,0
1724534820000,0,0,0
1724534850000,0.10126838654143143,0,0.10126838654143143
1724534880000,0.11781685370092192,0,0.11781685370092192
1724534910000,0,0,0
1724534940000,0,0,0
1724534970000,0.10598272481585504,0,0.10598272481585504
1724535000000,0.10115314586283634,0,0.10115314586283634
1724535030000,0,0,0
1724535060000,0,0,0
1724535090000,0.05774672287347693,0,0.05774672287347693
1724535120000,0.052277924793361435,0,0.052277924793361435
1724535150000,0,0,0
1724535180000,0,0,0
1724535210000,0,0,0
1724535240000,0.101250442970688,0,0.101250442970688
1724535270000,0,0,0
1724535300000,0,0,0
1724535330000,0.08825541115989674,0,0.08825541115989674
1724535360000,0.11472164790565893,0,0.11472164790565893
1724535390000,0,0,0
1724535420000,0,0,0
1724535450000,0.0964651894323996,0,0.0964651894323996
1724535480000,0.10055051406450316,0,0.10055051406450316
1724535510000,0,0,0
1724535540000,0,0,0
1724535570000,0.10028832894571896,0,0.10028832894571896
1724535600000,0.07574609907589759,0,0.07574609907589759
1724535630000,0,0,0
1724535660000,0,0,0
1724535690000,0.0940379913485048,0,0.0940379913485048
1724535720000,0,0,0
1724535750000,0,0,0
1724535780000,0,0,0
1724535810000,0.08104056080068074,0,0.08104056080068074
1724535840000,0.09850340361213164,0,0.09850340361213164
1724535870000,0,0,0
1724535900000,0,0,0
1724535930000,0.08947745168217609,0,0.08947745168217609
1724535960000,0.11331614039501825,0,0.11331614039501825
1724535990000,0,0,0
1724536020000,0,0,0
1724536050000,0.09880202544152156,0,0.09880202544152156
1724536080000,0.10746910263299302,0,0.10746910263299302
1724536110000,0,0,0
1724536140000,0,0,0
1724536170000,0.07518985438231535,0,0.07518985438231535
1724536200000,0.1040063892171021,0,0.1040063892171021
1724536230000,0.05211862198363475,0,0.05211862198363475
1724536260000,0,0,0
1724536290000,0,0,0
1724536320000,0.11159468809284677,0,0.11159468809284677
1724536350000,0,0,0
1724536380000,0,0,0
1724536410000,0,0,0
1724536440000,0.10336451496201354,0,0.10336451496201354
1724536470000,0,0,0
1724536500000,0,0,0
1724536530000,0,0,0
1724536560000,0.0813818640515961,0,0.0813818640515961
1724536590000,0,0,0
1724536620000,0,0,0
1724536650000,0,0,0
1724536680000,0.1095710294198214,0,0.1095710294198214
1724536710000,0,0,0
1724536740000,0,0,0
1724536770000,0.08308580686704194,0,0.08308580686704194
1724536800000,0.10465383174067829,0,0.10465383174067829
1724536830000,0,0,0
1724536860000,0,0,0
1724536890000,0.07865345288658171,0,0.07865345288658171
1724536920000,0.1218434920344817,0,0.1218434920344817
1724536950000,0,0,0
1724536980000,0,0,0
1724537010000,0.08790436005625879,0,0.08790436005625879
1724537040000,0.1244167962674961,0,0.1244167962674961
1724537070000,0,0,0
1724537100000,0,0,0
1724537130000,0.0731653781430627,0,0.0731653781430627