"time","memory_request","memory_limit","memory_usage"
1724514000000,104857600,536870912,undefined
1724514030000,104857600,536870912,undefined
1724514060000,104857600,536870912,undefined
1724514090000,104857600,536870912,undefined
1724514120000,104857600,536870912,undefined
1724514150000,104857600,536870912,undefined
1724514180000,104857600,536870912,undefined
1724514210000,104857600,536870912,undefined
1724514240000,104857600,536870912,undefined
1724514270000,104857600,536870912,undefined
1724514300000,104857600,536870912,undefined
1724514330000,104857600,536870912,undefined
1724514360000,104857600,536870912,undefined
1724514390000,104857600,536870912,undefined
1724514420000,104857600,536870912,undefined
1724514450000,104857600,536870912,undefined
1724514480000,104857600,536870912,undefined
1724514510000,104857600,536870912,undefined
1724514540000,104857600,536870912,undefined
1724514570000,104857600,536870912,undefined
1724514600000,104857600,536870912,undefined
1724514630000,104857600,536870912,undefined
1724514660000,104857600,536870912,undefined
1724514690000,104857600,536870912,undefined
1724514720000,104857600,536870912,undefined
1724514750000,104857600,536870912,undefined
1724514780000,104857600,536870912,undefined
1724514810000,104857600,536870912,undefined
1724514840000,104857600,536870912,undefined
1724514870000,104857600,536870912,undefined
1724514900000,104857600,536870912,undefined
1724514930000,104857600,536870912,undefined
1724514960000,104857600,536870912,undefined
1724514990000,104857600,536870912,undefined
1724515020000,104857600,536870912,undefined
1724515050000,104857600,536870912,undefined
1724515080000,104857600,536870912,undefined
1724515110000,104857600,536870912,undefined
1724515140000,104857600,536870912,undefined
1724515170000,104857600,536870912,undefined
1724515200000,104857600,536870912,undefined
1724515230000,104857600,536870912,undefined
1724515260000,104857600,536870912,undefined
1724515290000,104857600,536870912,undefined
1724515320000,104857600,536870912,undefined
1724515350000,104857600,536870912,undefined
1724515380000,104857600,536870912,undefined
1724515410000,104857600,536870912,undefined
1724515440000,104857600,536870912,undefined
1724515470000,104857600,536870912,undefined
1724515500000,104857600,536870912,undefined
1724515530000,104857600,536870912,undefined
1724515560000,104857600,536870912,undefined
1724515590000,104857600,536870912,undefined
1724515620000,104857600,536870912,undefined
1724515650000,104857600,536870912,undefined
1724515680000,104857600,536870912,undefined
1724515710000,104857600,536870912,undefined
1724515740000,104857600,536870912,undefined
1724515770000,104857600,536870912,undefined
1724515800000,104857600,536870912,undefined
1724515830000,104857600,536870912,undefined
1724515860000,104857600,536870912,undefined
1724515890000,104857600,536870912,undefined
1724515920000,104857600,536870912,undefined
1724515950000,104857600,536870912,undefined
1724515980000,104857600,536870912,undefined
1724516010000,104857600,536870912,undefined
1724516040000,104857600,536870912,undefined
1724516070000,104857600,536870912,undefined
1724516100000,104857600,536870912,undefined
1724516130000,104857600,536870912,undefined
1724516160000,104857600,536870912,undefined
1724516190000,104857600,536870912,undefined
1724516220000,104857600,536870912,undefined
1724516250000,104857600,536870912,undefined
1724516280000,104857600,536870912,undefined
1724516310000,104857600,536870912,undefined
1724516340000,104857600,536870912,undefined
1724516370000,104857600,536870912,undefined
1724516400000,104857600,536870912,undefined
1724516430000,104857600,536870912,undefined
1724516460000,104857600,536870912,undefined
1724516490000,104857600,536870912,undefined
1724516520000,104857600,536870912,undefined
1724516550000,104857600,536870912,undefined
1724516580000,104857600,536870912,undefined
1724516610000,104857600,536870912,undefined
1724516640000,104857600,536870912,undefined
1724516670000,104857600,536870912,undefined
1724516700000,104857600,536870912,undefined
1724516730000,104857600,536870912,undefined
1724516760000,104857600,536870912,undefined
1724516790000,104857600,536870912,undefined
1724516820000,104857600,536870912,undefined
1724516850000,104857600,536870912,undefined
1724516880000,104857600,536870912,undefined
1724516910000,104857600,536870912,undefined
1724516940000,104857600,536870912,undefined
1724516970000,104857600,536870912,undefined
1724517000000,104857600,536870912,undefined
1724517030000,104857600,536870912,undefined
1724517060000,104857600,536870912,undefined
1724517090000,104857600,536870912,undefined
1724517120000,104857600,536870912,undefined
1724517150000,104857600,536870912,undefined
1724517180000,104857600,536870912,undefined
1724517210000,104857600,536870912,undefined
1724517240000,104857600,536870912,undefined
1724517270000,104857600,536870912,undefined
1724517300000,104857600,536870912,undefined
1724517330000,104857600,536870912,undefined
1724517360000,104857600,536870912,undefined
1724517390000,104857600,536870912,undefined
1724517420000,104857600,536870912,undefined
1724517450000,104857600,536870912,undefined
1724517480000,104857600,536870912,undefined
1724517510000,104857600,536870912,undefined
1724517540000,104857600,536870912,undefined
1724517570000,104857600,536870912,undefined
1724517600000,104857600,536870912,undefined
1724517630000,104857600,536870912,undefined
1724517660000,104857600,536870912,undefined
1724517690000,104857600,536870912,undefined
1724517720000,104857600,536870912,undefined
1724517750000,104857600,536870912,undefined
1724517780000,104857600,536870912,undefined
1724517810000,104857600,536870912,undefined
1724517840000,104857600,536870912,undefined
1724517870000,104857600,536870912,undefined
1724517900000,104857600,536870912,undefined
1724517930000,104857600,536870912,undefined
1724517960000,104857600,536870912,undefined
1724517990000,104857600,536870912,undefined
1724518020000,104857600,536870912,undefined
1724518050000,104857600,536870912,undefined
1724518080000,104857600,536870912,undefined
1724518110000,104857600,536870912,undefined
1724518140000,104857600,536870912,undefined
1724518170000,104857600,536870912,undefined
1724518200000,104857600,536870912,undefined
1724518230000,104857600,536870912,undefined
1724518260000,104857600,536870912,undefined
1724518290000,104857600,536870912,undefined
1724518320000,104857600,536870912,undefined
1724518350000,104857600,536870912,undefined
1724518380000,104857600,536870912,undefined
1724518410000,104857600,536870912,undefined
1724518440000,104857600,536870912,undefined
1724518470000,104857600,536870912,undefined
1724518500000,104857600,536870912,undefined
1724518530000,104857600,536870912,undefined
1724518560000,104857600,536870912,undefined
1724518590000,104857600,536870912,undefined
1724518620000,104857600,536870912,undefined
1724518650000,104857600,536870912,undefined
1724518680000,104857600,536870912,undefined
1724518710000,104857600,536870912,undefined
1724518740000,104857600,536870912,undefined
1724518770000,104857600,536870912,undefined
1724518800000,104857600,536870912,undefined
1724518830000,104857600,536870912,undefined
1724518860000,104857600,536870912,undefined
1724518890000,104857600,536870912,undefined
1724518920000,104857600,536870912,undefined
1724518950000,104857600,536870912,undefined
1724518980000,104857600,536870912,undefined
1724519010000,104857600,536870912,undefined
1724519040000,104857600,536870912,undefined
1724519070000,104857600,536870912,undefined
1724519100000,104857600,536870912,undefined
1724519130000,104857600,536870912,undefined
1724519160000,104857600,536870912,undefined
1724519190000,104857600,536870912,undefined
1724519220000,104857600,536870912,undefined
1724519250000,104857600,536870912,2826240
1724519280000,104857600,536870912,250839040
1724519310000,104857600,536870912,364425216
1724519340000,104857600,536870912,297852928
1724519370000,104857600,536870912,294080512
1724519400000,104857600,536870912,347312128
1724519430000,104857600,536870912,436453376
1724519460000,104857600,536870912,523231232
1724519490000,104857600,536870912,272506880
1724519520000,104857600,536870912,291766272
1724519550000,104857600,536870912,206086144
1724519580000,104857600,536870912,161013760
1724519610000,104857600,536870912,249856000
1724519640000,104857600,536870912,39522304
1724519670000,104857600,536870912,39522304
1724519700000,104857600,536870912,238374912
1724519730000,104857600,536870912,339857408
1724519760000,104857600,536870912,297373696
1724519790000,104857600,536870912,163409920
1724519820000,104857600,536870912,196489216
1724519850000,104857600,536870912,137981952
1724519880000,104857600,536870912,136355840
1724519910000,104857600,536870912,128995328
1724519940000,104857600,536870912,123138048
1724519970000,104857600,536870912,110141440
1724520000000,104857600,536870912,96067584
1724520030000,104857600,536870912,88186880
1724520060000,104857600,536870912,87666688
1724520090000,104857600,536870912,81588224
1724520120000,104857600,536870912,81444864
1724520150000,104857600,536870912,81444864
1724520180000,104857600,536870912,79958016
1724520210000,104857600,536870912,79572992
1724520240000,104857600,536870912,79577088
1724520270000,104857600,536870912,75816960
1724520300000,104857600,536870912,75816960
1724520330000,104857600,536870912,73809920
1724520360000,104857600,536870912,73707520
1724520390000,104857600,536870912,73707520
1724520420000,104857600,536870912,73707520
1724520450000,104857600,536870912,73707520
1724520480000,104857600,536870912,73707520
1724520510000,104857600,536870912,73707520
1724520540000,104857600,536870912,73703424
1724520570000,104857600,536870912,73703424
1724520600000,104857600,536870912,73703424
1724520630000,104857600,536870912,73703424
1724520660000,104857600,536870912,73703424
1724520690000,104857600,536870912,73846784
1724520720000,104857600,536870912,73715712
1724520750000,104857600,536870912,73715712
1724520780000,104857600,536870912,73474048
1724520810000,104857600,536870912,73089024
1724520840000,104857600,536870912,73097216
1724520870000,104857600,536870912,73097216
1724520900000,104857600,536870912,73097216
1724520930000,104857600,536870912,73093120
1724520960000,104857600,536870912,73093120
1724520990000,104857600,536870912,73093120
1724521020000,104857600,536870912,73093120
1724521050000,104857600,536870912,73101312
1724521080000,104857600,536870912,73109504
1724521110000,104857600,536870912,73109504
1724521140000,104857600,536870912,73109504
1724521170000,104857600,536870912,73142272
1724521200000,104857600,536870912,73142272
1724521230000,104857600,536870912,73142272
1724521260000,104857600,536870912,73146368
1724521290000,104857600,536870912,73183232
1724521320000,104857600,536870912,73183232
1724521350000,104857600,536870912,73183232
1724521380000,104857600,536870912,73183232
1724521410000,104857600,536870912,73183232
1724521440000,104857600,536870912,73224192
1724521470000,104857600,536870912,73224192
1724521500000,104857600,536870912,73224192
1724521530000,104857600,536870912,73224192
1724521560000,104857600,536870912,73248768
1724521590000,104857600,536870912,73248768
1724521620000,104857600,536870912,73265152
1724521650000,104857600,536870912,73265152
1724521680000,104857600,536870912,73297920
1724521710000,104857600,536870912,73302016
1724521740000,104857600,536870912,73302016
1724521770000,104857600,536870912,73306112
1724521800000,104857600,536870912,73310208
1724521830000,104857600,536870912,73314304
1724521860000,104857600,536870912,73314304
1724521890000,104857600,536870912,73351168
1724521920000,104857600,536870912,73351168
1724521950000,104857600,536870912,73359360
1724521980000,104857600,536870912,73363456
1724522010000,104857600,536870912,73363456
1724522040000,104857600,536870912,73363456
1724522070000,104857600,536870912,73363456
1724522100000,104857600,536870912,73363456
1724522130000,104857600,536870912,73273344
1724522160000,104857600,536870912,73273344
1724522190000,104857600,536870912,73273344
1724522220000,104857600,536870912,73277440
1724522250000,104857600,536870912,73281536
1724522280000,104857600,536870912,73281536
1724522310000,104857600,536870912,73281536
1724522340000,104857600,536870912,73281536
1724522370000,104857600,536870912,73281536
1724522400000,104857600,536870912,73281536
1724522430000,104857600,536870912,73281536
1724522460000,104857600,536870912,73281536
1724522490000,104857600,536870912,73281536
1724522520000,104857600,536870912,73379840
1724522550000,104857600,536870912,73379840
1724522580000,104857600,536870912,73379840
1724522610000,104857600,536870912,73379840
1724522640000,104857600,536870912,73383936
1724522670000,104857600,536870912,73383936
1724522700000,104857600,536870912,73383936
1724522730000,104857600,536870912,73388032
1724522760000,104857600,536870912,73388032
1724522790000,104857600,536870912,73388032
1724522820000,104857600,536870912,73388032
1724522850000,104857600,536870912,73388032
1724522880000,104857600,536870912,73388032
1724522910000,104857600,536870912,73388032
1724522940000,104857600,536870912,73388032
1724522970000,104857600,536870912,72937472
1724523000000,104857600,536870912,72941568
1724523030000,104857600,536870912,72941568
1724523060000,104857600,536870912,72941568
1724523090000,104857600,536870912,72970240
1724523120000,104857600,536870912,72970240
1724523150000,104857600,536870912,71307264
1724523180000,104857600,536870912,71307264
1724523210000,104857600,536870912,71307264
1724523240000,104857600,536870912,71307264
1724523270000,104857600,536870912,71307264
1724523300000,104857600,536870912,71307264
1724523330000,104857600,536870912,71307264
1724523360000,104857600,536870912,71307264
1724523390000,104857600,536870912,71307264
1724523420000,104857600,536870912,71307264
1724523450000,104857600,536870912,71311360
1724523480000,104857600,536870912,71311360
1724523510000,104857600,536870912,71311360
1724523540000,104857600,536870912,71311360
1724523570000,104857600,536870912,71311360
1724523600000,104857600,536870912,71122944
1724523630000,104857600,536870912,70516736
1724523660000,104857600,536870912,70516736
1724523690000,104857600,536870912,70516736
1724523720000,104857600,536870912,70516736
1724523750000,104857600,536870912,70516736
1724523780000,104857600,536870912,70520832
1724523810000,104857600,536870912,70520832
1724523840000,104857600,536870912,70520832
1724523870000,104857600,536870912,70520832
1724523900000,104857600,536870912,70520832
1724523930000,104857600,536870912,70520832
1724523960000,104857600,536870912,70520832
1724523990000,104857600,536870912,70524928
1724524020000,104857600,536870912,70533120
1724524050000,104857600,536870912,70533120
1724524080000,104857600,536870912,70533120
1724524110000,104857600,536870912,70533120
1724524140000,104857600,536870912,70533120
1724524170000,104857600,536870912,70533120
1724524200000,104857600,536870912,70533120
1724524230000,104857600,536870912,70533120
1724524260000,104857600,536870912,70533120
1724524290000,104857600,536870912,70533120
1724524320000,104857600,536870912,70447104
1724524350000,104857600,536870912,70451200
1724524380000,104857600,536870912,70451200
1724524410000,104857600,536870912,70451200
1724524440000,104857600,536870912,69857280
1724524470000,104857600,536870912,69857280
1724524500000,104857600,536870912,69857280
1724524530000,104857600,536870912,69857280
1724524560000,104857600,536870912,69857280
1724524590000,104857600,536870912,69857280
1724524620000,104857600,536870912,69873664
1724524650000,104857600,536870912,69877760
1724524680000,104857600,536870912,69910528
1724524710000,104857600,536870912,69910528
1724524740000,104857600,536870912,69910528
1724524770000,104857600,536870912,69910528
1724524800000,104857600,536870912,64520192
1724524830000,104857600,536870912,64520192
1724524860000,104857600,536870912,64520192
1724524890000,104857600,536870912,64520192
1724524920000,104857600,536870912,64520192
1724524950000,104857600,536870912,64520192
1724524980000,104857600,536870912,64520192
1724525010000,104857600,536870912,64520192
1724525040000,104857600,536870912,64520192
1724525070000,104857600,536870912,64520192
1724525100000,104857600,536870912,64520192
1724525130000,104857600,536870912,64520192
1724525160000,104857600,536870912,64520192
1724525190000,104857600,536870912,64520192
1724525220000,104857600,536870912,64520192
1724525250000,104857600,536870912,64520192
1724525280000,104857600,536870912,64524288
1724525310000,104857600,536870912,64524288
1724525340000,104857600,536870912,64524288
1724525370000,104857600,536870912,64544768
1724525400000,104857600,536870912,64544768
1724525430000,104857600,536870912,64544768
1724525460000,104857600,536870912,64544768
1724525490000,104857600,536870912,64544768
1724525520000,104857600,536870912,64499712
1724525550000,104857600,536870912,64499712
1724525580000,104857600,536870912,64499712
1724525610000,104857600,536870912,64499712
1724525640000,104857600,536870912,64499712
1724525670000,104857600,536870912,64499712
1724525700000,104857600,536870912,60645376
1724525730000,104857600,536870912,60645376
1724525760000,104857600,536870912,60653568
1724525790000,104857600,536870912,60653568
1724525820000,104857600,536870912,60653568
1724525850000,104857600,536870912,60653568
1724525880000,104857600,536870912,60686336
1724525910000,104857600,536870912,60686336
1724525940000,104857600,536870912,60686336
1724525970000,104857600,536870912,60768256
1724526000000,104857600,536870912,60764160
1724526030000,104857600,536870912,60436480
1724526060000,104857600,536870912,60440576
1724526090000,104857600,536870912,58413056
1724526120000,104857600,536870912,58105856
1724526150000,104857600,536870912,58105856
1724526180000,104857600,536870912,58105856
1724526210000,104857600,536870912,58105856
1724526240000,104857600,536870912,58003456
1724526270000,104857600,536870912,58003456
1724526300000,104857600,536870912,58003456
1724526330000,104857600,536870912,58003456
1724526360000,104857600,536870912,58007552
1724526390000,104857600,536870912,58011648
1724526420000,104857600,536870912,55291904
1724526450000,104857600,536870912,55291904
1724526480000,104857600,536870912,55291904
1724526510000,104857600,536870912,55291904
1724526540000,104857600,536870912,55291904
1724526570000,104857600,536870912,55291904
1724526600000,104857600,536870912,55291904
1724526630000,104857600,536870912,55291904
1724526660000,104857600,536870912,54153216
1724526690000,104857600,536870912,53858304
1724526720000,104857600,536870912,53858304
1724526750000,104857600,536870912,53858304
1724526780000,104857600,536870912,53862400
1724526810000,104857600,536870912,53862400
1724526840000,104857600,536870912,53878784
1724526870000,104857600,536870912,50601984
1724526900000,104857600,536870912,49733632
1724526930000,104857600,536870912,49733632
1724526960000,104857600,536870912,49733632
1724526990000,104857600,536870912,49733632
1724527020000,104857600,536870912,49414144
1724527050000,104857600,536870912,49311744
1724527080000,104857600,536870912,49311744
1724527110000,104857600,536870912,49311744
1724527140000,104857600,536870912,49311744
1724527170000,104857600,536870912,49311744
1724527200000,104857600,536870912,49311744
1724527230000,104857600,536870912,49311744
1724527260000,104857600,536870912,49209344
1724527290000,104857600,536870912,49242112
1724527320000,104857600,536870912,49242112
1724527350000,104857600,536870912,49242112
1724527380000,104857600,536870912,49242112
1724527410000,104857600,536870912,49246208
1724527440000,104857600,536870912,49246208
1724527470000,104857600,536870912,49242112
1724527500000,104857600,536870912,49242112
1724527530000,104857600,536870912,49242112
1724527560000,104857600,536870912,48922624
1724527590000,104857600,536870912,48922624
1724527620000,104857600,536870912,48619520
1724527650000,104857600,536870912,48508928
1724527680000,104857600,536870912,48508928
1724527710000,104857600,536870912,48508928
1724527740000,104857600,536870912,48508928
1724527770000,104857600,536870912,48508928
1724527800000,104857600,536870912,48508928
1724527830000,104857600,536870912,48513024
1724527860000,104857600,536870912,48513024
1724527890000,104857600,536870912,48513024
1724527920000,104857600,536870912,48513024
1724527950000,104857600,536870912,48513024
1724527980000,104857600,536870912,48513024
1724528010000,104857600,536870912,48513024
1724528040000,104857600,536870912,48545792
1724528070000,104857600,536870912,48549888
1724528100000,104857600,536870912,48549888
1724528130000,104857600,536870912,48549888
1724528160000,104857600,536870912,48549888
1724528190000,104857600,536870912,48549888
1724528220000,104857600,536870912,48549888
1724528250000,104857600,536870912,48816128
1724528280000,104857600,536870912,48570368
1724528310000,104857600,536870912,48570368
1724528340000,104857600,536870912,48570368
1724528370000,104857600,536870912,47878144
1724528400000,104857600,536870912,47484928
1724528430000,104857600,536870912,47484928
1724528460000,104857600,536870912,47415296
1724528490000,104857600,536870912,47349760
1724528520000,104857600,536870912,47349760
1724528550000,104857600,536870912,47353856
1724528580000,104857600,536870912,47353856
1724528610000,104857600,536870912,47353856
1724528640000,104857600,536870912,47149056
1724528670000,104857600,536870912,47149056
1724528700000,104857600,536870912,47149056
1724528730000,104857600,536870912,47149056
1724528760000,104857600,536870912,47112192
1724528790000,104857600,536870912,47116288
1724528820000,104857600,536870912,47116288
1724528850000,104857600,536870912,47116288
1724528880000,104857600,536870912,47116288
1724528910000,104857600,536870912,47116288
1724528940000,104857600,536870912,47116288
1724528970000,104857600,536870912,47116288
1724529000000,104857600,536870912,47116288
1724529030000,104857600,536870912,47116288
1724529060000,104857600,536870912,47116288
1724529090000,104857600,536870912,47116288
1724529120000,104857600,536870912,47116288
1724529150000,104857600,536870912,47116288
1724529180000,104857600,536870912,47116288
1724529210000,104857600,536870912,47116288
1724529240000,104857600,536870912,47116288
1724529270000,104857600,536870912,47116288
1724529300000,104857600,536870912,47116288
1724529330000,104857600,536870912,47116288
1724529360000,104857600,536870912,47116288
1724529390000,104857600,536870912,47116288
1724529420000,104857600,536870912,47116288
1724529450000,104857600,536870912,47120384
1724529480000,104857600,536870912,47120384
1724529510000,104857600,536870912,47120384
1724529540000,104857600,536870912,47120384
1724529570000,104857600,536870912,47120384
1724529600000,104857600,536870912,47120384
1724529630000,104857600,536870912,47120384
1724529660000,104857600,536870912,47120384
1724529690000,104857600,536870912,47120384
1724529720000,104857600,536870912,47120384
1724529750000,104857600,536870912,47120384
1724529780000,104857600,536870912,47120384
1724529810000,104857600,536870912,47120384
1724529840000,104857600,536870912,47120384
1724529870000,104857600,536870912,47120384
1724529900000,104857600,536870912,47120384
1724529930000,104857600,536870912,47120384
1724529960000,104857600,536870912,47120384
1724529990000,104857600,536870912,47120384
1724530020000,104857600,536870912,47120384
1724530050000,104857600,536870912,47120384
1724530080000,104857600,536870912,47120384
1724530110000,104857600,536870912,47120384
1724530140000,104857600,536870912,47120384
1724530170000,104857600,536870912,47120384
1724530200000,104857600,536870912,47120384
1724530230000,104857600,536870912,47120384
1724530260000,104857600,536870912,47017984
1724530290000,104857600,536870912,47017984
1724530320000,104857600,536870912,47017984
1724530350000,104857600,536870912,47017984
1724530380000,104857600,536870912,47017984
1724530410000,104857600,536870912,47017984
1724530440000,104857600,536870912,47017984
1724530470000,104857600,536870912,47017984
1724530500000,104857600,536870912,47017984
1724530530000,104857600,536870912,47017984
1724530560000,104857600,536870912,47022080
1724530590000,104857600,536870912,47022080
1724530620000,104857600,536870912,47022080
1724530650000,104857600,536870912,47022080
1724530680000,104857600,536870912,47022080
1724530710000,104857600,536870912,47022080
1724530740000,104857600,536870912,47022080
1724530770000,104857600,536870912,47026176
1724530800000,104857600,536870912,47026176
1724530830000,104857600,536870912,47026176
1724530860000,104857600,536870912,47026176
1724530890000,104857600,536870912,47026176
1724530920000,104857600,536870912,47026176
1724530950000,104857600,536870912,47026176
1724530980000,104857600,536870912,47026176
1724531010000,104857600,536870912,47026176
1724531040000,104857600,536870912,47046656
1724531070000,104857600,536870912,47050752
1724531100000,104857600,536870912,47050752
1724531130000,104857600,536870912,47050752
1724531160000,104857600,536870912,47050752
1724531190000,104857600,536870912,46886912
1724531220000,104857600,536870912,46886912
1724531250000,104857600,536870912,46886912
1724531280000,104857600,536870912,46886912
1724531310000,104857600,536870912,46886912
1724531340000,104857600,536870912,46886912
1724531370000,104857600,536870912,46886912
1724531400000,104857600,536870912,46886912
1724531430000,104857600,536870912,46886912
1724531460000,104857600,536870912,46886912
1724531490000,104857600,536870912,46886912
1724531520000,104857600,536870912,46886912
1724531550000,104857600,536870912,46886912
1724531580000,104857600,536870912,46886912
1724531610000,104857600,536870912,46886912
1724531640000,104857600,536870912,46886912
1724531670000,104857600,536870912,46891008
1724531700000,104857600,536870912,46891008
1724531730000,104857600,536870912,46891008
1724531760000,104857600,536870912,46891008
1724531790000,104857600,536870912,46891008
1724531820000,104857600,536870912,46891008
1724531850000,104857600,536870912,46891008
1724531880000,104857600,536870912,46891008
1724531910000,104857600,536870912,46891008
1724531940000,104857600,536870912,46891008
1724531970000,104857600,536870912,46891008
1724532000000,104857600,536870912,46891008
1724532030000,104857600,536870912,46891008
1724532060000,104857600,536870912,46891008
1724532090000,104857600,536870912,46895104
1724532120000,104857600,536870912,46895104
1724532150000,104857600,536870912,46895104
1724532180000,104857600,536870912,46895104
1724532210000,104857600,536870912,46895104
1724532240000,104857600,536870912,46825472
1724532270000,104857600,536870912,46825472
1724532300000,104857600,536870912,46825472
1724532330000,104857600,536870912,46825472
1724532360000,104857600,536870912,46829568
1724532390000,104857600,536870912,46829568
1724532420000,104857600,536870912,46825472
1724532450000,104857600,536870912,46825472
1724532480000,104857600,536870912,46825472
1724532510000,104857600,536870912,46825472
1724532540000,104857600,536870912,46829568
1724532570000,104857600,536870912,46833664
1724532600000,104857600,536870912,46837760
1724532630000,104857600,536870912,46837760
1724532660000,104857600,536870912,46837760
1724532690000,104857600,536870912,46837760
1724532720000,104857600,536870912,46837760
1724532750000,104857600,536870912,46837760
1724532780000,104857600,536870912,46837760
1724532810000,104857600,536870912,46837760
1724532840000,104857600,536870912,46841856
1724532870000,104857600,536870912,46845952
1724532900000,104857600,536870912,46845952
1724532930000,104857600,536870912,46850048
1724532960000,104857600,536870912,46882816
1724532990000,104857600,536870912,46882816
1724533020000,104857600,536870912,46886912
1724533050000,104857600,536870912,46886912
1724533080000,104857600,536870912,46886912
1724533110000,104857600,536870912,46886912
1724533140000,104857600,536870912,46686208
1724533170000,104857600,536870912,46686208
1724533200000,104857600,536870912,46690304
1724533230000,104857600,536870912,45678592
1724533260000,104857600,536870912,45678592
1724533290000,104857600,536870912,45678592
1724533320000,104857600,536870912,45682688
1724533350000,104857600,536870912,45682688
1724533380000,104857600,536870912,45682688
1724533410000,104857600,536870912,45682688
1724533440000,104857600,536870912,45682688
1724533470000,104857600,536870912,45682688
1724533500000,104857600,536870912,45682688
1724533530000,104857600,536870912,45682688
1724533560000,104857600,536870912,45682688
1724533590000,104857600,536870912,45682688
1724533620000,104857600,536870912,45682688
1724533650000,104857600,536870912,45682688
1724533680000,104857600,536870912,45682688
1724533710000,104857600,536870912,45682688
1724533740000,104857600,536870912,45682688
1724533770000,104857600,536870912,45682688
1724533800000,104857600,536870912,45682688
1724533830000,104857600,536870912,45682688
1724533860000,104857600,536870912,45682688
1724533890000,104857600,536870912,45682688
1724533920000,104857600,536870912,45682688
1724533950000,104857600,536870912,45682688
1724533980000,104857600,536870912,45682688
1724534010000,104857600,536870912,45682688
1724534040000,104857600,536870912,45715456
1724534070000,104857600,536870912,45715456
1724534100000,104857600,536870912,45715456
1724534130000,104857600,536870912,45715456
1724534160000,104857600,536870912,45715456
1724534190000,104857600,536870912,45715456
1724534220000,104857600,536870912,45719552
1724534250000,104857600,536870912,45719552
1724534280000,104857600,536870912,45719552
1724534310000,104857600,536870912,45719552
1724534340000,104857600,536870912,45719552
1724534370000,104857600,536870912,45719552
1724534400000,104857600,536870912,45608960
1724534430000,104857600,536870912,45608960
1724534460000,104857600,536870912,45608960
1724534490000,104857600,536870912,45608960
1724534520000,104857600,536870912,45608960
1724534550000,104857600,536870912,45608960
1724534580000,104857600,536870912,45608960
1724534610000,104857600,536870912,45608960
1724534640000,104857600,536870912,45666304
1724534670000,104857600,536870912,45666304
1724534700000,104857600,536870912,45666304
1724534730000,104857600,536870912,45666304
1724534760000,104857600,536870912,45666304
1724534790000,104857600,536870912,45666304
1724534820000,104857600,536870912,45666304
1724534850000,104857600,536870912,45666304
1724534880000,104857600,536870912,45666304
1724534910000,104857600,536870912,45666304
1724534940000,104857600,536870912,45666304
1724534970000,104857600,536870912,45666304
1724535000000,104857600,536870912,45666304
1724535030000,104857600,536870912,45666304
1724535060000,104857600,536870912,45666304
1724535090000,104857600,536870912,45666304
1724535120000,104857600,536870912,45666304
1724535150000,104857600,536870912,45666304
1724535180000,104857600,536870912,45666304
1724535210000,104857600,536870912,45666304
1724535240000,104857600,536870912,45666304
1724535270000,104857600,536870912,45666304
1724535300000,104857600,536870912,45666304
1724535330000,104857600,536870912,45666304
1724535360000,104857600,536870912,45666304
1724535390000,104857600,536870912,45666304
1724535420000,104857600,536870912,45666304
1724535450000,104857600,536870912,45666304
1724535480000,104857600,536870912,45666304
1724535510000,104857600,536870912,45666304
1724535540000,104857600,536870912,45666304
1724535570000,104857600,536870912,45666304
1724535600000,104857600,536870912,45666304
1724535630000,104857600,536870912,45666304
1724535660000,104857600,536870912,45666304
1724535690000,104857600,536870912,45666304
1724535720000,104857600,536870912,45666304
1724535750000,104857600,536870912,45666304
1724535780000,104857600,536870912,45666304
1724535810000,104857600,536870912,45666304
1724535840000,104857600,536870912,45699072
1724535870000,104857600,536870912,45699072
1724535900000,104857600,536870912,45699072
1724535930000,104857600,536870912,45699072
1724535960000,104857600,536870912,45699072
1724535990000,104857600,536870912,45699072
1724536020000,104857600,536870912,45699072
1724536050000,104857600,536870912,45699072
1724536080000,104857600,536870912,45699072
1724536110000,104857600,536870912,45699072
1724536140000,104857600,536870912,45699072
1724536170000,104857600,536870912,45699072
1724536200000,104857600,536870912,45699072
1724536230000,104857600,536870912,45699072
1724536260000,104857600,536870912,45699072
1724536290000,104857600,536870912,45699072
1724536320000,104857600,536870912,45699072
1724536350000,104857600,536870912,45699072
1724536380000,104857600,536870912,45699072
1724536410000,104857600,536870912,45699072
1724536440000,104857600,536870912,45699072
1724536470000,104857600,536870912,45699072
1724536500000,104857600,536870912,45699072
1724536530000,104857600,536870912,45699072
1724536560000,104857600,536870912,45699072
1724536590000,104857600,536870912,45699072
1724536620000,104857600,536870912,45699072
1724536650000,104857600,536870912,45699072
1724536680000,104857600,536870912,45699072
1724536710000,104857600,536870912,45699072
1724536740000,104857600,536870912,45699072
1724536770000,104857600,536870912,45699072
1724536800000,104857600,536870912,45699072
1724536830000,104857600,536870912,45699072
1724536860000,104857600,536870912,45699072
1724536890000,104857600,536870912,45699072
1724536920000,104857600,536870912,45699072
1724536950000,104857600,536870912,45699072
1724536980000,104857600,536870912,45699072
1724537010000,104857600,536870912,45699072
1724537040000,104857600,536870912,45699072
1724537070000,104857600,536870912,45699072
1724537100000,104857600,536870912,45699072
1724537130000,104857600,536870912,45699072
1724537160000,104857600,536870912,45699072
1724537190000,104857600,536870912,45699072
1724537220000,104857600,536870912,45699072
1724537250000,104857600,536870912,45699072
1724537280000,104857600,536870912,45699072
1724537310000,104857600,536870912,45699072
1724537340000,104857600,536870912,45699072
1724537370000,104857600,536870912,45699072
1724537400000,104857600,536870912,45699072
1724537430000,104857600,536870912,45699072
1724537460000,104857600,536870912,45699072
1724537490000,104857600,536870912,45699072
1724537520000,104857600,536870912,45731840
1724537550000,104857600,536870912,45731840